,#Gc,logAge,[M/H],m_ini,logL,logTe,logg,m-M0,Av,m2/m1,mbol,TESS,J,H,Ks,Mact
0,1,7.17,0.09,0.03183,-2.721,3.406,4.232,7.7,0.035,0.0,19.273,19.467,17.152,16.662,16.317,0.032
1,1,7.97,0.05,0.23339,-2.118,3.545,5.05,7.1,0.032,0.0,17.166,16.784,15.362,14.812,14.582,0.233
2,1,8.33,0.31,0.04082,-3.698,3.296,4.877,4.3,0.014,0.0,18.316,19.583,16.376,15.525,15.034,0.041
3,1,8.53,0.03,0.51929,-1.342,3.599,4.839,8.7,0.037,0.0,16.825,16.328,15.158,14.507,14.374,0.519
4,1,8.73,-0.03,0.14611,-2.476,3.5,5.026,8.2,0.036,0.0,19.161,18.913,17.253,16.731,16.48,0.146
5,1,8.73,0.19,0.34153,-1.808,3.56,4.964,7.2,0.032,0.0,16.49,16.077,14.705,14.14,13.932,0.342
6,1,8.75,0.01,0.21184,-2.193,3.542,5.071,10.8,0.038,0.0,21.052,20.68,19.243,18.695,18.464,0.212
7,1,8.77,-0.15,0.17396,-2.338,3.527,5.071,6.9,0.031,0.0,17.514,17.171,15.677,15.134,14.899,0.174
8,1,8.79,-0.07,0.52334,-1.313,3.605,4.838,9.3,0.038,0.0,17.353,16.842,15.712,15.062,14.932,0.523
9,1,8.85,-0.15,0.26395,-1.982,3.563,5.038,10.0,0.038,0.0,19.724,19.286,17.966,17.405,17.199,0.264
10,1,8.91,0.15,0.24044,-2.103,3.541,5.033,8.3,0.036,0.0,18.327,17.958,16.515,15.968,15.736,0.24
11,1,8.93,-0.03,0.20445,-2.214,3.543,5.079,7.7,0.035,0.0,18.006,17.629,16.199,15.651,15.42,0.204
12,1,9.01,-0.11,0.39076,-1.637,3.581,4.939,6.7,0.03,0.0,15.562,15.076,13.832,13.252,13.083,0.391
13,1,9.03,0.21,0.11908,-2.873,3.464,5.189,7.0,0.031,0.0,18.953,18.836,16.947,16.422,16.158,0.119
14,1,9.05,-0.01,0.14907,-2.588,3.498,5.137,6.6,0.029,0.0,17.84,17.596,15.922,15.399,15.149,0.149
15,1,9.05,0.21,0.12346,-2.835,3.468,5.181,8.1,0.036,0.0,19.957,19.829,17.963,17.439,17.175,0.123
16,1,9.09,0.11,1.04636,-0.034,3.757,4.465,10.6,0.038,0.0,15.454,14.884,14.315,13.991,13.946,1.046
17,1,9.09,0.17,0.79865,-0.64,3.673,4.62,8.8,0.037,0.0,15.169,14.582,13.717,13.159,13.075,0.799
18,1,9.11,-0.05,0.37526,-1.69,3.576,4.952,8.4,0.037,0.0,17.396,16.929,15.644,15.074,14.896,0.375
19,1,9.11,0.13,0.45081,-1.516,3.582,4.881,7.4,0.033,0.0,15.961,15.505,14.208,13.612,13.45,0.451
20,1,9.11,0.15,0.27432,-1.993,3.548,5.008,9.2,0.038,0.0,18.952,18.566,17.157,16.603,16.373,0.274
21,1,9.15,0.17,0.80793,-0.613,3.677,4.613,12.5,0.038,0.0,18.802,18.212,17.362,16.815,16.734,0.808
22,1,9.17,-0.07,0.09456,-3.172,3.437,5.278,6.8,0.03,0.0,19.5,19.513,17.427,16.889,16.623,0.095
23,1,9.21,-0.21,0.21665,-2.137,3.556,5.08,8.8,0.037,0.0,18.912,18.489,17.149,16.591,16.372,0.217
24,1,9.21,-0.13,0.34621,-1.757,3.576,4.984,9.7,0.038,0.0,18.863,18.388,17.122,16.553,16.374,0.346
25,1,9.21,0.07,0.1881,-2.324,3.527,5.09,9.5,0.038,0.0,20.081,19.749,18.231,17.696,17.462,0.188
26,1,9.21,0.11,0.18158,-2.374,3.52,5.095,9.7,0.038,0.0,20.405,20.096,18.539,18.008,17.769,0.182
27,1,9.21,0.17,0.22881,-2.146,3.538,5.041,8.8,0.037,0.0,18.936,18.576,17.115,16.57,16.338,0.229
28,1,9.23,-0.17,0.39393,-1.615,3.585,4.935,8.6,0.037,0.0,17.407,16.915,15.698,15.111,14.946,0.394
29,1,9.23,0.03,0.38444,-1.668,3.573,4.931,9.1,0.037,0.0,18.041,17.59,16.275,15.705,15.524,0.384
30,1,9.23,0.23,0.26395,-2.03,3.544,5.01,8.8,0.037,0.0,18.644,18.27,16.838,16.288,16.057,0.264
31,1,9.25,-0.03,0.50913,-1.354,3.6,4.846,9.5,0.038,0.0,17.656,17.152,15.996,15.349,15.215,0.509
32,1,9.27,-0.11,0.23636,-2.079,3.555,5.055,8.3,0.036,0.0,18.267,17.854,16.493,15.936,15.715,0.236
33,1,9.29,-0.15,0.10874,-2.935,3.47,5.233,7.9,0.035,0.0,20.007,19.864,18.027,17.486,17.234,0.109
34,1,9.29,-0.07,0.30391,-1.875,3.565,5.003,8.4,0.037,0.0,17.857,17.415,16.095,15.531,15.332,0.304
35,1,9.29,0.03,0.37833,-1.685,3.572,4.937,8.9,0.037,0.0,17.882,17.433,16.116,15.546,15.364,0.378
36,1,9.29,0.09,0.6844,-0.918,3.64,4.698,12.6,0.038,0.0,19.666,19.129,18.124,17.468,17.366,0.684
37,1,9.31,-0.17,0.4866,-1.381,3.603,4.864,8.5,0.037,0.0,16.723,16.206,15.079,14.443,14.307,0.487
38,1,9.33,-0.23,0.87074,-0.317,3.734,4.576,10.6,0.038,0.0,16.162,15.588,14.941,14.551,14.497,0.871
39,1,9.33,-0.05,0.11329,-2.898,3.47,5.216,8.4,0.037,0.0,20.415,20.274,18.43,17.899,17.64,0.113
40,1,9.33,0.39,0.13914,-2.699,3.481,5.149,7.7,0.035,0.0,19.216,19.037,17.256,16.733,16.474,0.139
41,1,9.35,-0.13,0.51364,-1.319,3.607,4.841,9.1,0.037,0.0,17.167,16.652,15.534,14.887,14.756,0.514
42,1,9.35,0.15,0.15342,-2.575,3.494,5.122,7.7,0.035,0.0,18.907,18.678,16.981,16.459,16.207,0.153
43,1,9.35,0.17,0.53366,-1.312,3.598,4.816,9.6,0.038,0.0,17.651,17.176,15.966,15.307,15.173,0.534
44,1,9.35,0.19,0.28756,-1.955,3.549,4.994,9.2,0.038,0.0,18.858,18.47,17.066,16.51,16.281,0.288
45,1,9.37,-0.15,0.48208,-1.396,3.601,4.866,13.0,0.038,0.0,21.259,20.745,19.607,18.972,18.835,0.482
46,1,9.39,-0.29,0.60798,-1.027,3.64,4.755,7.9,0.035,0.0,15.239,14.696,13.709,13.064,12.958,0.608
47,1,9.39,-0.19,0.34353,-1.752,3.579,4.987,9.9,0.038,0.0,19.049,18.564,17.324,16.752,16.575,0.344
48,1,9.39,-0.05,0.1803,-2.363,3.526,5.107,9.9,0.038,0.0,20.576,20.244,18.73,18.193,17.958,0.18
49,1,9.39,-0.05,0.55547,-1.226,3.612,4.803,13.0,0.038,0.0,20.835,20.323,19.216,18.554,18.43,0.555
50,1,9.39,-0.03,0.65942,-0.958,3.64,4.719,8.7,0.037,0.0,15.865,15.327,14.327,13.67,13.567,0.659
51,1,9.39,0.11,0.62455,-1.075,3.623,4.747,12.9,0.038,0.0,20.358,19.845,18.766,18.086,17.971,0.625
52,1,9.39,0.21,0.31198,-1.885,3.554,4.978,10.4,0.038,0.0,19.882,19.484,18.095,17.534,17.313,0.312
53,1,9.41,-0.17,1.00002,-0.022,3.767,4.476,9.0,0.037,0.0,13.824,13.289,12.747,12.438,12.398,1.0
54,1,9.41,-0.05,0.1469,-2.602,3.498,5.144,9.6,0.038,0.0,20.874,20.634,18.962,18.434,18.185,0.147
55,1,9.43,-0.33,0.1293,-2.726,3.495,5.203,8.4,0.037,0.0,19.985,19.741,18.088,17.531,17.289,0.129
56,1,9.43,-0.19,0.139,-2.655,3.497,5.172,9.1,0.037,0.0,20.508,20.263,18.606,18.063,17.817,0.139
57,1,9.43,-0.11,0.12736,-2.767,3.484,5.194,7.7,0.035,0.0,19.388,19.191,17.445,16.909,16.658,0.127
58,1,9.43,0.15,0.29296,-1.931,3.552,4.991,8.3,0.036,0.0,17.898,17.503,16.11,15.552,15.328,0.293
59,1,9.45,-0.21,0.14513,-2.598,3.503,5.158,8.3,0.036,0.0,19.566,19.3,17.68,17.136,16.892,0.145
60,1,9.45,-0.09,0.58906,-1.129,3.623,4.775,9.1,0.037,0.0,16.691,16.169,15.109,14.438,14.321,0.589
61,1,9.47,-0.35,0.10656,-2.948,3.474,5.256,8.4,0.037,0.0,20.539,20.37,18.586,18.025,17.786,0.107
62,1,9.47,-0.07,0.35496,-1.74,3.574,4.97,9.7,0.038,0.0,18.82,18.355,17.067,16.5,16.318,0.355
63,1,9.47,0.11,0.21563,-2.185,3.538,5.055,10.6,0.038,0.0,20.832,20.471,19.011,18.467,18.235,0.216
64,1,9.49,-0.37,0.29562,-1.843,3.581,5.023,8.8,0.037,0.0,18.177,17.672,16.475,15.906,15.729,0.296
65,1,9.49,-0.19,0.43418,-1.505,3.594,4.901,9.4,0.038,0.0,17.933,17.426,16.255,15.646,15.495,0.434
66,1,9.49,-0.07,0.28296,-1.933,3.562,5.015,11.7,0.038,0.0,21.302,20.872,19.535,18.973,18.766,0.283
67,1,9.49,0.03,0.1846,-2.342,3.526,5.095,8.8,0.037,0.0,19.425,19.096,17.573,17.039,16.804,0.185
68,1,9.49,0.13,0.11799,-2.875,3.466,5.196,6.7,0.03,0.0,18.657,18.531,16.657,16.132,15.868,0.118
69,1,9.51,-0.47,0.20952,-2.108,3.572,5.101,9.5,0.038,0.0,19.539,19.048,17.821,17.265,17.071,0.21
70,1,9.51,-0.15,0.11978,-2.83,3.48,5.212,9.2,0.038,0.0,21.044,20.863,19.093,18.553,18.302,0.12
71,1,9.51,0.03,0.17503,-2.409,3.518,5.107,7.8,0.035,0.0,18.592,18.286,16.721,16.191,15.952,0.175
72,1,9.51,0.05,0.27697,-1.963,3.554,5.006,6.9,0.031,0.0,16.578,16.172,14.791,14.233,14.013,0.277
73,1,9.51,0.27,0.4891,-1.42,3.588,4.844,10.2,0.038,0.0,18.521,18.077,16.78,16.154,16.004,0.489
74,1,9.51,0.29,0.49476,-1.407,3.589,4.84,9.2,0.038,0.0,17.487,17.043,15.749,15.118,14.97,0.495
75,1,9.53,-0.37,0.17611,-2.345,3.539,5.13,8.4,0.037,0.0,19.032,18.649,17.246,16.688,16.455,0.176
76,1,9.53,-0.01,0.27872,-1.955,3.557,5.014,10.8,0.038,0.0,20.458,20.045,18.68,18.119,17.905,0.279
77,1,9.53,0.01,0.59195,-1.142,3.618,4.77,9.7,0.038,0.0,17.324,16.811,15.722,15.048,14.929,0.592
78,1,9.53,0.11,0.22973,-2.131,3.541,5.041,9.5,0.038,0.0,19.597,19.229,17.784,17.237,17.006,0.23
79,1,9.55,-0.33,0.19109,-2.241,3.551,5.11,8.8,0.037,0.0,19.173,18.758,17.412,16.853,16.624,0.191
80,1,9.55,-0.33,0.22869,-2.067,3.566,5.074,10.1,0.038,0.0,20.037,19.576,18.299,17.739,17.537,0.229
81,1,9.57,-0.29,0.75549,-0.583,3.697,4.635,11.9,0.038,0.0,18.128,17.544,16.77,16.278,16.208,0.755
82,1,9.57,-0.27,0.37756,-1.639,3.589,4.954,12.1,0.038,0.0,20.966,20.46,19.278,18.689,18.526,0.378
83,1,9.57,-0.21,0.52241,-1.271,3.614,4.828,11.1,0.038,0.0,19.047,18.524,17.44,16.791,16.663,0.522
84,1,9.57,-0.19,0.59756,-1.076,3.631,4.761,9.0,0.037,0.0,16.459,15.927,14.904,14.244,14.132,0.598
85,1,9.57,-0.05,0.18967,-2.295,3.534,5.094,8.9,0.037,0.0,19.407,19.054,17.582,17.039,16.806,0.19
86,1,9.57,0.01,0.46859,-1.455,3.59,4.869,6.8,0.03,0.0,15.207,14.72,13.498,12.884,12.734,0.469
87,1,9.57,0.15,0.09653,-3.143,3.435,5.25,8.0,0.036,0.0,20.628,20.657,18.551,18.015,17.744,0.097
88,1,9.59,-0.41,0.94748,0.009,3.78,4.471,9.7,0.038,0.0,14.446,13.951,13.44,13.152,13.117,0.947
89,1,9.59,-0.35,0.1962,-2.2,3.557,5.104,7.7,0.035,0.0,17.97,17.534,16.219,15.66,15.442,0.196
90,1,9.59,-0.29,0.51268,-1.279,3.616,4.836,9.7,0.038,0.0,17.668,17.139,16.07,15.425,15.297,0.513
91,1,9.59,-0.29,0.32776,-1.771,3.582,4.999,10.7,0.038,0.0,19.898,19.398,18.192,17.618,17.444,0.328
92,1,9.59,-0.23,0.1629,-2.459,3.52,5.135,9.7,0.038,0.0,20.618,20.299,18.774,18.226,17.988,0.163
93,1,9.59,-0.19,0.284,-1.907,3.569,5.02,10.9,0.038,0.0,20.437,19.977,18.691,18.128,17.934,0.284
94,1,9.59,-0.13,0.69429,-0.818,3.658,4.675,8.0,0.036,0.0,14.814,14.254,13.329,12.716,12.624,0.694
95,1,9.59,-0.07,0.27891,-1.943,3.561,5.016,7.5,0.034,0.0,17.127,16.697,15.358,14.797,14.589,0.279
96,1,9.59,-0.01,0.63506,-1.018,3.632,4.732,9.4,0.038,0.0,16.716,16.188,15.156,14.486,14.378,0.635
97,1,9.59,0.19,0.1236,-2.832,3.468,5.181,8.8,0.037,0.0,20.65,20.52,18.658,18.133,17.869,0.124
98,1,9.61,-0.37,0.21804,-2.1,3.566,5.085,8.8,0.037,0.0,18.819,18.355,17.084,16.525,16.322,0.218
99,1,9.61,-0.21,0.31041,-1.828,3.575,5.003,8.6,0.037,0.0,17.941,17.461,16.205,15.64,15.457,0.31
100,1,9.61,-0.21,1.13801,0.407,3.806,4.257,9.0,0.037,0.0,12.753,12.296,11.863,11.637,11.607,1.138
101,1,9.61,-0.03,0.31342,-1.852,3.565,4.991,9.4,0.038,0.0,18.799,18.363,17.033,16.468,16.269,0.313
102,1,9.61,0.01,0.65196,-0.976,3.635,4.715,9.4,0.038,0.0,16.61,16.078,15.059,14.394,14.288,0.652
103,1,9.61,0.15,0.54939,-1.264,3.603,4.799,8.6,0.037,0.0,16.529,16.044,14.864,14.196,14.067,0.549
104,1,9.63,-0.35,0.44428,-1.447,3.604,4.896,9.7,0.038,0.0,18.089,17.558,16.457,15.838,15.697,0.444
105,1,9.63,-0.23,0.92024,-0.142,3.755,4.509,8.3,0.036,0.0,13.424,12.872,12.292,11.953,11.909,0.92
106,1,9.63,-0.17,1.2104,0.538,3.79,4.087,9.7,0.038,0.0,13.124,12.629,12.152,11.894,11.86,1.21
107,1,9.63,-0.11,0.8941,-0.254,3.737,4.536,13.9,0.038,0.0,19.306,18.728,18.091,17.709,17.657,0.894
108,1,9.63,-0.03,0.40866,-1.593,3.58,4.91,7.0,0.031,0.0,15.751,15.277,14.009,13.427,13.259,0.409
109,1,9.63,-0.03,0.12298,-2.814,3.477,5.197,9.2,0.038,0.0,21.005,20.837,19.038,18.51,18.252,0.123
110,1,9.65,-0.33,0.21656,-2.111,3.563,5.083,11.1,0.038,0.0,21.148,20.695,19.405,18.846,18.639,0.217
111,1,9.65,-0.19,0.17133,-2.404,3.526,5.124,8.2,0.036,0.0,18.979,18.642,17.144,16.598,16.363,0.171
112,1,9.65,-0.19,0.24219,-2.037,3.561,5.049,9.8,0.038,0.0,19.663,19.227,17.906,17.345,17.136,0.242
113,1,9.65,0.19,0.93664,-0.227,3.728,4.493,11.1,0.038,0.0,16.437,15.835,15.171,14.779,14.721,0.937
114,1,9.67,-0.43,0.30606,-1.789,3.589,5.013,11.7,0.038,0.0,20.942,20.421,19.267,18.69,18.522,0.306
115,1,9.67,-0.23,0.14955,-2.556,3.508,5.147,9.5,0.038,0.0,20.66,20.379,18.787,18.24,17.998,0.15
116,1,9.67,-0.21,0.20047,-2.192,3.552,5.088,10.0,0.038,0.0,20.25,19.838,18.482,17.925,17.699,0.2
117,1,9.67,-0.13,0.11013,-2.917,3.471,5.227,8.1,0.036,0.0,20.162,20.014,18.185,17.646,17.393,0.11
118,1,9.67,-0.11,0.32661,-1.803,3.572,4.987,10.3,0.038,0.0,19.576,19.115,17.826,17.26,17.073,0.327
119,1,9.67,-0.07,0.14019,-2.658,3.493,5.162,7.7,0.035,0.0,19.114,18.887,17.191,16.66,16.41,0.14
120,1,9.67,0.03,0.37149,-1.694,3.572,4.934,10.7,0.038,0.0,19.704,19.257,17.936,17.367,17.183,0.371
121,1,9.67,0.11,0.71388,-0.82,3.65,4.659,8.3,0.036,0.0,15.12,14.566,13.605,12.97,12.874,0.714
122,1,9.69,-0.59,0.58839,-0.98,3.655,4.755,10.6,0.038,0.0,17.821,17.267,16.342,15.733,15.635,0.588
123,1,9.69,-0.55,0.23427,-1.982,3.585,5.076,10.9,0.038,0.0,20.625,20.105,18.945,18.377,18.202,0.234
124,1,9.69,-0.41,0.09807,-3.083,3.459,5.294,8.5,0.037,0.0,20.977,20.868,18.984,18.418,18.192,0.098
125,1,9.69,-0.39,0.58457,-1.051,3.64,4.764,8.7,0.037,0.0,16.098,15.554,14.573,13.933,13.826,0.585
126,1,9.69,-0.27,0.25202,-1.987,3.568,5.043,10.9,0.038,0.0,20.637,20.174,18.896,18.335,18.137,0.252
127,1,9.69,-0.19,0.25851,-1.981,3.564,5.034,9.7,0.038,0.0,19.422,18.976,17.67,17.108,16.905,0.259
128,1,9.69,-0.11,0.16733,-2.443,3.518,5.123,7.0,0.031,0.0,17.877,17.564,16.016,15.478,15.239,0.167
129,1,9.69,-0.11,0.17357,-2.398,3.524,5.116,10.1,0.038,0.0,20.866,20.539,19.019,18.479,18.243,0.174
130,1,9.71,-0.59,0.11107,-2.857,3.492,5.256,8.1,0.036,0.0,20.012,19.767,18.121,17.546,17.321,0.111
131,1,9.71,-0.57,0.74589,-0.485,3.721,4.624,11.2,0.038,0.0,17.183,16.614,15.921,15.494,15.433,0.746
132,1,9.71,-0.55,0.81932,-0.271,3.749,4.566,5.3,0.021,0.0,10.748,10.196,9.601,9.246,9.2,0.819
133,1,9.71,-0.43,0.5903,-1.022,3.645,4.756,10.7,0.038,0.0,18.025,17.479,16.514,15.879,15.775,0.59
134,1,9.71,-0.35,0.52257,-1.233,3.622,4.824,11.5,0.038,0.0,19.353,18.82,17.777,17.128,17.004,0.523
135,1,9.71,-0.31,0.26744,-1.933,3.573,5.036,9.4,0.038,0.0,19.002,18.52,17.272,16.711,16.522,0.267
136,1,9.71,-0.21,0.33871,-1.754,3.579,4.985,9.6,0.038,0.0,18.754,18.266,17.032,16.459,16.283,0.339
137,1,9.71,-0.17,0.63998,-0.95,3.644,4.718,7.4,0.033,0.0,14.546,13.999,13.024,12.38,12.28,0.64
138,1,9.71,-0.13,0.76924,-0.582,3.691,4.617,11.6,0.038,0.0,17.824,17.238,16.442,15.932,15.859,0.769
139,1,9.71,-0.05,0.45483,-1.473,3.59,4.877,10.9,0.038,0.0,19.354,18.865,17.653,17.042,16.89,0.455
140,1,9.71,0.01,0.26563,-1.984,3.554,5.008,10.6,0.038,0.0,20.33,19.928,18.546,17.988,17.766,0.266
141,1,9.73,-0.45,0.30572,-1.781,3.59,5.012,11.1,0.038,0.0,20.321,19.796,18.653,18.074,17.908,0.306
142,1,9.73,-0.43,0.624,-0.915,3.657,4.723,11.4,0.038,0.0,18.458,17.904,16.981,16.37,16.276,0.624
143,1,9.73,-0.31,0.40084,-1.559,3.594,4.923,11.1,0.038,0.0,19.768,19.25,18.101,17.5,17.346,0.401
144,1,9.73,-0.31,0.31343,-1.8,3.581,5.005,11.8,0.038,0.0,21.07,20.571,19.363,18.791,18.615,0.313
145,1,9.73,-0.19,0.20303,-2.184,3.552,5.084,10.4,0.038,0.0,20.631,20.222,18.86,18.303,18.077,0.203
146,1,9.73,-0.09,0.30907,-1.849,3.568,4.994,9.0,0.037,0.0,18.393,17.944,16.636,16.071,15.876,0.309
147,1,9.73,-0.09,0.20276,-2.202,3.546,5.077,9.4,0.038,0.0,19.675,19.288,17.883,17.331,17.1,0.203
148,1,9.73,-0.03,0.51364,-1.33,3.602,4.832,10.9,0.038,0.0,18.995,18.49,17.34,16.689,16.558,0.514
149,1,9.73,0.01,0.34831,-1.747,3.569,4.949,11.0,0.038,0.0,20.139,19.696,18.371,17.804,17.614,0.348
150,1,9.73,0.17,0.7856,-0.627,3.673,4.598,14.0,0.038,0.0,20.336,19.75,18.883,18.324,18.24,0.786
151,1,9.75,-0.55,0.37094,-1.576,3.609,4.964,12.5,0.038,0.0,21.211,20.665,19.6,18.998,18.853,0.371
152,1,9.75,-0.35,0.22764,-2.063,3.567,5.072,11.1,0.038,0.0,21.027,20.561,19.292,18.733,18.532,0.228
153,1,9.75,-0.25,0.41768,-1.527,3.594,4.909,10.5,0.038,0.0,19.089,18.576,17.417,16.811,16.659,0.418
154,1,9.75,-0.23,1.2054,2.533,3.608,1.363,10.8,0.038,0.0,9.237,8.809,7.635,6.85,6.706,1.205
155,1,9.75,-0.23,0.41752,-1.531,3.593,4.908,10.9,0.038,0.0,19.498,18.989,17.821,17.216,17.063,0.418
156,1,9.75,-0.13,0.32943,-1.789,3.573,4.985,12.2,0.038,0.0,21.444,20.975,19.698,19.131,18.947,0.329
157,1,9.75,-0.07,0.16904,-2.435,3.518,5.118,9.2,0.038,0.0,20.059,19.752,18.194,17.659,17.42,0.169
158,1,9.75,-0.05,0.48208,-1.404,3.596,4.856,12.8,0.038,0.0,21.081,20.583,19.405,18.773,18.632,0.482
159,1,9.75,0.21,0.59875,-1.14,3.613,4.755,10.6,0.038,0.0,18.219,17.726,16.586,15.907,15.787,0.599
160,1,9.77,-0.65,0.31094,-1.691,3.609,5.005,11.7,0.038,0.0,20.698,20.149,19.091,18.499,18.35,0.311
161,1,9.77,-0.51,0.29137,-1.799,3.593,5.021,10.6,0.038,0.0,19.867,19.334,18.211,17.632,17.469,0.291
162,1,9.77,-0.47,0.63814,-0.854,3.666,4.708,10.6,0.038,0.0,17.506,16.944,16.056,15.47,15.381,0.638
163,1,9.77,-0.35,0.21103,-2.126,3.563,5.087,11.1,0.038,0.0,21.185,20.731,19.444,18.885,18.677,0.211
164,1,9.77,-0.33,0.25915,-1.952,3.573,5.041,11.4,0.038,0.0,21.051,20.569,19.323,18.762,18.572,0.259
165,1,9.77,-0.29,0.2939,-1.854,3.577,5.014,10.0,0.038,0.0,19.406,18.916,17.683,17.118,16.936,0.294
166,1,9.77,-0.25,0.96263,0.031,3.773,4.429,10.1,0.038,0.0,14.793,14.272,13.745,13.447,13.409,0.963
167,1,9.77,-0.21,0.10253,-3.018,3.462,5.259,7.5,0.034,0.0,19.815,19.701,17.816,17.269,17.023,0.103
168,1,9.77,-0.11,1.05372,0.234,3.781,4.298,10.1,0.038,0.0,14.284,13.769,13.269,12.994,12.958,1.054
169,1,9.77,-0.09,0.19094,-2.276,3.538,5.092,9.6,0.038,0.0,20.061,19.696,18.247,17.701,17.468,0.191
170,1,9.77,-0.07,0.28251,-1.927,3.562,5.009,10.2,0.038,0.0,19.788,19.358,18.021,17.459,17.252,0.283
171,1,9.77,0.05,0.20423,-2.214,3.539,5.064,9.6,0.038,0.0,19.906,19.543,18.088,17.543,17.311,0.204
172,1,9.79,-0.65,1.05972,0.707,3.781,3.828,10.0,0.038,0.0,13.003,12.528,12.016,11.73,11.694,1.06
173,1,9.79,-0.55,0.72346,-0.549,3.711,4.635,10.5,0.038,0.0,16.642,16.069,15.342,14.887,14.822,0.723
174,1,9.79,-0.53,0.21149,-2.076,3.578,5.097,10.7,0.038,0.0,20.661,20.153,18.96,18.401,18.216,0.211
175,1,9.79,-0.43,0.70422,-0.658,3.69,4.65,10.3,0.038,0.0,16.715,16.139,15.338,14.823,14.748,0.704
176,1,9.79,-0.35,0.10496,-2.971,3.472,5.262,8.7,0.037,0.0,20.897,20.739,18.936,18.375,18.137,0.105
177,1,9.79,-0.35,0.14511,-2.581,3.51,5.165,9.6,0.038,0.0,20.822,20.531,18.963,18.406,18.165,0.145
178,1,9.79,-0.31,0.29919,-1.834,3.579,5.01,12.1,0.038,0.0,21.455,20.96,19.741,19.173,18.994,0.299
179,1,9.79,-0.27,0.24645,-2.003,3.567,5.046,9.4,0.038,0.0,19.178,18.719,17.436,16.875,16.675,0.246
180,1,9.79,-0.25,0.23444,-2.053,3.563,5.057,10.5,0.038,0.0,20.402,19.956,18.652,18.092,17.885,0.234
181,1,9.79,-0.23,0.42459,-1.511,3.595,4.901,12.2,0.038,0.0,20.748,20.237,19.076,18.467,18.317,0.425
182,1,9.79,-0.21,0.24436,-2.022,3.563,5.044,11.5,0.038,0.0,21.324,20.881,19.571,19.01,18.803,0.244
183,1,9.79,-0.21,0.60295,-1.042,3.635,4.747,12.9,0.038,0.0,20.275,19.739,18.73,18.075,17.966,0.603
184,1,9.79,-0.09,0.33224,-1.788,3.572,4.98,9.9,0.038,0.0,19.139,18.679,17.386,16.82,16.633,0.332
185,1,9.79,-0.07,0.33729,-1.778,3.571,4.975,8.9,0.037,0.0,18.115,17.658,16.36,15.793,15.606,0.337
186,1,9.81,-0.49,0.30964,-1.753,3.595,5.007,10.6,0.038,0.0,19.753,19.218,18.099,17.518,17.357,0.31
187,1,9.81,-0.47,0.78081,-0.392,3.73,4.589,9.8,0.038,0.0,15.55,14.984,14.324,13.921,13.866,0.781
188,1,9.81,-0.45,0.2927,-1.815,3.588,5.019,11.8,0.038,0.0,21.108,20.586,19.433,18.857,18.688,0.293
189,1,9.81,-0.37,0.516,-1.243,3.622,4.827,9.4,0.038,0.0,17.277,16.743,15.701,15.054,14.929,0.516
190,1,9.81,-0.37,0.28798,-1.857,3.58,5.022,11.0,0.038,0.0,20.412,19.91,18.707,18.139,17.961,0.288
191,1,9.81,-0.33,0.95093,0.082,3.78,4.401,11.1,0.038,0.0,15.665,15.164,14.656,14.371,14.336,0.951
192,1,9.81,-0.21,0.18429,-2.305,3.538,5.107,10.6,0.038,0.0,21.131,20.759,19.33,18.779,18.546,0.184
193,1,9.81,-0.19,0.21565,-2.134,3.555,5.071,11.3,0.038,0.0,21.405,20.987,19.639,19.081,18.86,0.216
194,1,9.81,-0.17,0.22448,-2.104,3.556,5.062,10.9,0.038,0.0,20.929,20.51,19.163,18.604,18.385,0.224
195,1,9.81,-0.13,0.18901,-2.283,3.538,5.096,10.3,0.038,0.0,20.777,20.409,18.969,18.42,18.187,0.189
196,1,9.81,-0.11,0.3065,-1.849,3.568,4.993,10.5,0.038,0.0,19.893,19.441,18.139,17.574,17.381,0.306
197,1,9.81,-0.11,0.74546,-0.646,3.681,4.626,10.9,0.038,0.0,17.284,16.702,15.867,15.325,15.246,0.745
198,1,9.81,-0.11,0.50115,-1.342,3.604,4.84,11.1,0.038,0.0,19.226,18.714,17.581,16.936,16.803,0.501
199,1,9.81,-0.03,0.10815,-2.953,3.464,5.226,8.5,0.037,0.0,20.653,20.541,18.65,18.12,17.858,0.108
200,1,9.81,-0.01,0.21354,-2.172,3.544,5.062,8.9,0.037,0.0,19.101,18.724,17.297,16.748,16.517,0.214
201,1,9.81,-0.01,0.96542,-0.006,3.757,4.402,10.7,0.038,0.0,15.485,14.924,14.353,14.023,13.979,0.965
202,1,9.83,-0.41,0.1732,-2.354,3.539,5.133,9.8,0.038,0.0,20.456,20.072,18.674,18.114,17.881,0.173
203,1,9.83,-0.35,0.24587,-1.99,3.571,5.05,10.6,0.038,0.0,20.346,19.866,18.617,18.057,17.864,0.246
204,1,9.83,-0.27,0.44746,-1.448,3.601,4.886,11.5,0.038,0.0,19.891,19.368,18.245,17.622,17.481,0.447
205,1,9.83,-0.25,0.72967,-0.638,3.687,4.633,11.8,0.038,0.0,18.166,17.585,16.773,16.248,16.172,0.73
206,1,9.83,-0.23,0.42664,-1.506,3.595,4.9,11.3,0.038,0.0,19.835,19.323,18.165,17.555,17.405,0.427
207,1,9.83,-0.21,1.0807,0.396,3.782,4.15,10.3,0.038,0.0,14.081,13.575,13.074,12.799,12.762,1.081
208,1,9.83,-0.21,0.41382,-1.541,3.591,4.907,12.1,0.038,0.0,20.721,20.217,19.037,18.435,18.28,0.414
209,1,9.83,-0.17,0.28885,-1.888,3.569,5.008,11.7,0.038,0.0,21.191,20.732,19.443,18.879,18.685,0.289
210,1,9.83,-0.15,0.32061,-1.806,3.573,4.988,11.2,0.038,0.0,20.484,20.015,18.74,18.174,17.989,0.321
211,1,9.83,-0.13,0.23333,-2.076,3.555,5.05,9.7,0.038,0.0,19.66,19.245,17.89,17.331,17.112,0.233
212,1,9.83,-0.13,0.36347,-1.695,3.579,4.955,11.1,0.038,0.0,20.107,19.629,18.374,17.799,17.625,0.363
213,1,9.83,-0.11,0.50544,-1.33,3.605,4.836,10.8,0.038,0.0,18.894,18.382,17.253,16.607,16.474,0.505
214,1,9.83,0.09,0.33801,-1.782,3.564,4.95,10.2,0.038,0.0,19.425,19.002,17.648,17.082,16.882,0.338
215,1,9.83,0.13,0.54775,-1.256,3.604,4.795,10.4,0.038,0.0,18.311,17.824,16.651,15.983,15.856,0.548
216,1,9.85,-0.63,0.80222,-0.239,3.755,4.545,11.4,0.038,0.0,16.767,16.239,15.652,15.307,15.261,0.802
217,1,9.85,-0.51,0.88339,-0.036,3.775,4.465,12.6,0.038,0.0,17.461,16.961,16.434,16.133,16.096,0.883
218,1,9.85,-0.35,0.28428,-1.87,3.579,5.022,10.7,0.038,0.0,20.145,19.647,18.433,17.867,17.686,0.284
219,1,9.85,-0.27,0.18366,-2.299,3.541,5.111,9.4,0.038,0.0,19.918,19.535,18.129,17.574,17.341,0.184
220,1,9.85,-0.21,0.11344,-2.879,3.477,5.227,8.3,0.036,0.0,20.266,20.091,18.312,17.766,17.518,0.113
221,1,9.85,-0.19,0.2161,-2.131,3.555,5.07,8.7,0.037,0.0,18.798,18.379,17.031,16.473,16.253,0.216
222,1,9.85,-0.15,0.17286,-2.395,3.525,5.118,10.5,0.038,0.0,21.258,20.925,19.419,18.876,18.64,0.173
223,1,9.85,-0.05,0.15312,-2.55,3.503,5.132,10.0,0.038,0.0,21.146,20.887,19.247,18.717,18.471,0.153
224,1,9.85,-0.01,0.4056,-1.596,3.579,4.904,10.5,0.038,0.0,19.259,18.794,17.511,16.931,16.761,0.406
225,1,9.85,-0.01,0.23667,-2.083,3.549,5.038,11.1,0.038,0.0,21.078,20.688,19.287,18.733,18.504,0.237
226,1,9.87,-0.75,0.28816,-1.763,3.609,5.043,9.9,0.038,0.0,19.078,18.528,17.472,16.885,16.733,0.288
227,1,9.87,-0.55,0.32101,-1.7,3.602,4.998,10.3,0.038,0.0,19.319,18.773,17.689,17.1,16.948,0.321
228,1,9.87,-0.49,0.22916,-2.015,3.579,5.074,10.2,0.038,0.0,20.007,19.498,18.307,17.746,17.563,0.229
229,1,9.87,-0.49,0.64843,-0.8,3.674,4.692,10.4,0.038,0.0,17.171,16.604,15.743,15.178,15.094,0.648
230,1,9.87,-0.47,0.79864,-0.315,3.74,4.563,8.8,0.037,0.0,14.358,13.803,13.174,12.796,12.745,0.799
231,1,9.87,-0.41,0.13904,-2.627,3.507,5.183,8.9,0.037,0.0,20.237,19.951,18.378,17.815,17.575,0.139
232,1,9.87,-0.41,0.23864,-2.002,3.574,5.06,10.6,0.038,0.0,20.374,19.881,18.655,18.097,17.908,0.239
233,1,9.87,-0.41,0.47874,-1.334,3.616,4.862,12.4,0.038,0.0,20.506,19.971,18.913,18.28,18.148,0.479
234,1,9.87,-0.39,0.22688,-2.053,3.57,5.071,9.7,0.038,0.0,19.603,19.126,17.875,17.316,17.12,0.227
235,1,9.87,-0.39,0.46139,-1.386,3.611,4.877,11.5,0.038,0.0,19.736,19.202,18.126,17.5,17.364,0.461
236,1,9.87,-0.35,0.88588,-0.073,3.765,4.464,12.3,0.038,0.0,17.251,16.725,16.172,15.854,15.813,0.886
237,1,9.87,-0.33,0.26087,-1.943,3.573,5.036,11.7,0.038,0.0,21.328,20.845,19.601,19.04,18.851,0.261
238,1,9.87,-0.27,0.66887,-0.813,3.664,4.678,10.1,0.038,0.0,16.903,16.34,15.44,14.845,14.756,0.669
239,1,9.87,-0.27,0.22639,-2.077,3.562,5.065,10.8,0.038,0.0,20.763,20.318,19.014,18.454,18.246,0.226
240,1,9.87,-0.27,0.45835,-1.419,3.603,4.877,12.0,0.038,0.0,20.316,19.793,18.678,18.051,17.912,0.458
241,1,9.87,-0.25,0.44026,-1.468,3.599,4.89,10.3,0.038,0.0,18.741,18.222,17.086,16.467,16.322,0.44
242,1,9.87,-0.25,0.29246,-1.862,3.574,5.009,10.6,0.038,0.0,20.024,19.543,18.292,17.728,17.543,0.292
243,1,9.87,-0.23,0.9653,0.095,3.775,4.374,10.2,0.038,0.0,14.733,14.214,13.693,13.401,13.363,0.965
244,1,9.87,-0.23,0.43318,-1.489,3.596,4.895,10.6,0.038,0.0,19.093,18.579,17.428,16.814,16.666,0.433
245,1,9.87,-0.21,1.00058,0.191,3.781,4.315,11.3,0.038,0.0,15.592,15.083,14.578,14.298,14.262,1.001
246,1,9.87,-0.21,0.42648,-1.509,3.594,4.898,12.0,0.038,0.0,20.543,20.035,18.868,18.259,18.107,0.426
247,1,9.87,-0.19,0.3037,-1.84,3.573,4.997,11.6,0.038,0.0,20.97,20.498,19.23,18.665,18.478,0.304
248,1,9.87,-0.11,0.43418,-1.509,3.59,4.89,12.8,0.038,0.0,21.341,20.848,19.644,19.038,18.883,0.434
249,1,9.87,-0.09,1.09095,0.469,3.771,4.038,10.8,0.038,0.0,14.397,13.863,13.333,13.038,12.997,1.091
250,1,9.87,-0.03,0.40604,-1.591,3.58,4.904,11.1,0.038,0.0,19.847,19.377,18.105,17.523,17.353,0.406
251,1,9.87,0.11,0.60879,-1.092,3.62,4.742,10.9,0.038,0.0,18.399,17.89,16.797,16.118,16.002,0.609
252,1,9.87,0.15,0.37852,-1.683,3.568,4.919,11.1,0.038,0.0,20.078,19.651,18.299,17.726,17.538,0.379
253,1,9.87,0.21,0.68498,-0.896,3.639,4.673,11.1,0.038,0.0,18.109,17.573,16.558,15.902,15.799,0.685
254,1,9.89,-0.71,0.23813,-1.929,3.598,5.08,9.6,0.038,0.0,19.192,18.648,17.553,16.976,16.814,0.238
255,1,9.89,-0.57,0.22583,-2.004,3.585,5.081,9.7,0.038,0.0,19.479,18.958,17.8,17.232,17.057,0.226
256,1,9.89,-0.55,0.27887,-1.821,3.595,5.029,11.3,0.038,0.0,20.621,20.085,18.97,18.39,18.228,0.279
257,1,9.89,-0.55,0.4778,-1.302,3.626,4.869,11.8,0.038,0.0,19.824,19.281,18.265,17.631,17.504,0.478
258,1,9.89,-0.45,0.14189,-2.596,3.512,5.178,9.9,0.038,0.0,21.159,20.858,19.313,18.748,18.509,0.142
259,1,9.89,-0.43,0.35021,-1.669,3.596,4.98,10.2,0.038,0.0,19.143,18.611,17.489,16.9,16.743,0.35
260,1,9.89,-0.39,0.45637,-1.399,3.61,4.881,11.1,0.038,0.0,19.368,18.835,17.755,17.131,16.993,0.456
261,1,9.89,-0.35,0.27762,-1.888,3.577,5.025,10.8,0.038,0.0,20.291,19.795,18.575,18.011,17.829,0.278
262,1,9.89,-0.33,0.44812,-1.433,3.604,4.886,9.6,0.038,0.0,17.953,17.425,16.321,15.699,15.559,0.448
263,1,9.89,-0.27,0.59472,-1.041,3.637,4.748,10.7,0.038,0.0,18.071,17.533,16.535,15.885,15.776,0.595
264,1,9.89,-0.21,0.82422,-0.336,3.728,4.55,14.9,0.038,0.0,20.511,19.932,19.267,18.863,18.807,0.824
265,1,9.89,-0.19,0.30992,-1.823,3.574,4.994,11.6,0.038,0.0,20.928,20.454,19.189,18.624,18.439,0.31
266,1,9.89,-0.17,0.20281,-2.184,3.551,5.078,10.9,0.038,0.0,21.13,20.725,19.356,18.799,18.571,0.203
267,1,9.89,-0.15,0.4144,-1.549,3.588,4.904,10.9,0.038,0.0,19.542,19.048,17.842,17.243,17.085,0.414
268,1,9.89,-0.13,0.28531,-1.903,3.566,5.006,9.3,0.038,0.0,18.829,18.382,17.073,16.509,16.31,0.285
269,1,9.89,-0.09,0.38613,-1.634,3.58,4.926,8.8,0.037,0.0,17.655,17.179,15.921,15.341,15.17,0.386
270,1,9.89,-0.01,0.37636,-1.676,3.574,4.933,9.2,0.038,0.0,18.16,17.702,16.398,15.829,15.65,0.376
271,1,9.89,-0.01,0.28939,-1.912,3.56,4.996,10.5,0.038,0.0,20.05,19.631,18.275,17.713,17.503,0.289
272,1,9.89,0.01,0.10595,-2.987,3.458,5.23,8.2,0.036,0.0,20.438,20.348,18.419,17.89,17.625,0.106
273,1,9.89,0.05,1.09451,0.455,3.743,3.94,9.4,0.038,0.0,13.033,12.452,11.837,11.48,11.429,1.095
274,1,9.91,-0.65,0.40977,-1.449,3.622,4.934,10.4,0.038,0.0,18.793,18.245,17.224,16.608,16.473,0.41
275,1,9.91,-0.61,0.23059,-1.972,3.59,5.077,9.2,0.038,0.0,18.899,18.37,17.235,16.663,16.493,0.231
276,1,9.91,-0.61,0.24553,-1.911,3.593,5.058,11.5,0.038,0.0,21.047,20.512,19.393,18.817,18.652,0.246
277,1,9.91,-0.49,0.62316,-0.879,3.664,4.711,12.1,0.038,0.0,19.066,18.508,17.609,17.016,16.925,0.623
278,1,9.91,-0.47,0.25936,-1.908,3.584,5.041,9.5,0.038,0.0,19.039,18.524,17.353,16.784,16.609,0.259
279,1,9.91,-0.35,0.24744,-1.981,3.572,5.045,10.6,0.038,0.0,20.322,19.841,18.594,18.034,17.842,0.247
280,1,9.91,-0.31,0.3357,-1.736,3.585,4.986,10.1,0.038,0.0,19.211,18.706,17.515,16.937,16.767,0.336
281,1,9.91,-0.29,0.29658,-1.84,3.577,5.006,11.4,0.038,0.0,20.771,20.28,19.051,18.484,18.303,0.297
282,1,9.91,-0.29,0.48524,-1.341,3.61,4.852,11.7,0.038,0.0,19.822,19.295,18.207,17.571,17.438,0.485
283,1,9.91,-0.25,0.42397,-1.507,3.596,4.901,9.3,0.038,0.0,17.837,17.322,16.171,15.56,15.411,0.424
284,1,9.91,-0.25,0.35609,-1.693,3.585,4.967,9.4,0.038,0.0,18.402,17.903,16.699,16.118,15.949,0.356
285,1,9.91,-0.25,0.32587,-1.771,3.58,4.988,10.6,0.038,0.0,19.799,19.307,18.082,17.51,17.333,0.326
286,1,9.91,-0.19,0.27352,-1.928,3.567,5.018,9.2,0.038,0.0,18.789,18.334,17.041,16.478,16.281,0.274
287,1,9.91,-0.19,0.37261,-1.655,3.584,4.946,12.1,0.038,0.0,21.008,20.516,19.296,18.713,18.545,0.373
288,1,9.91,-0.15,0.26842,-1.95,3.564,5.019,10.9,0.038,0.0,20.545,20.103,18.789,18.226,18.023,0.268
289,1,9.91,0.05,0.58398,-1.148,3.616,4.763,8.1,0.036,0.0,15.739,15.229,14.127,13.453,13.334,0.584
290,2,10.03,-0.77,0.1827,-2.202,3.571,5.132,10.4,0.038,0.0,20.674,20.179,18.969,18.409,18.215,0.183
291,2,10.03,-0.71,0.50687,-1.174,3.643,4.835,12.8,0.038,0.0,20.505,19.955,18.994,18.379,18.266,0.507
292,2,10.03,-0.47,0.28791,-1.813,3.59,5.014,11.0,0.038,0.0,20.302,19.777,18.632,18.056,17.889,0.288
293,2,10.05,-0.97,0.36958,-1.523,3.626,4.977,11.3,0.038,0.0,19.877,19.321,18.323,17.732,17.59,0.37
294,2,10.05,-0.97,0.55219,-0.992,3.666,4.781,12.6,0.038,0.0,19.85,19.29,18.409,17.845,17.745,0.552
295,2,10.05,-0.91,0.53579,-1.055,3.658,4.8,11.6,0.038,0.0,19.007,18.45,17.543,16.96,16.855,0.536
296,2,10.05,-0.91,0.5389,-1.045,3.659,4.796,11.7,0.038,0.0,19.082,18.524,17.62,17.039,16.935,0.539
297,2,10.05,-0.89,0.68148,-0.521,3.725,4.641,12.7,0.038,0.0,18.773,18.217,17.541,17.13,17.068,0.681
298,2,10.05,-0.87,0.37033,-1.527,3.624,4.975,12.4,0.038,0.0,20.987,20.434,19.427,18.829,18.688,0.37
299,2,10.05,-0.87,0.57114,-0.939,3.669,4.756,13.3,0.038,0.0,20.418,19.856,18.985,18.422,18.327,0.571
300,2,10.05,-0.87,0.87584,0.47,3.782,3.986,13.5,0.038,0.0,17.095,16.638,16.124,15.834,15.799,0.876
301,2,10.05,-0.85,0.41567,-1.409,3.629,4.93,11.1,0.038,0.0,19.393,18.841,17.848,17.245,17.111,0.416
302,2,10.05,-0.83,0.1452,-2.51,3.532,5.185,8.3,0.036,0.0,19.344,18.966,17.567,16.99,16.769,0.145
303,2,10.05,-0.83,0.33262,-1.628,3.618,5.006,11.3,0.038,0.0,20.139,19.586,18.561,17.97,17.823,0.333
304,2,10.05,-0.81,0.53424,-1.073,3.654,4.8,10.8,0.038,0.0,18.252,17.697,16.773,16.175,16.07,0.534
305,2,10.05,-0.81,0.53799,-1.061,3.655,4.795,12.0,0.038,0.0,19.421,18.867,17.946,17.35,17.246,0.538
306,2,10.05,-0.81,0.38216,-1.499,3.624,4.961,12.5,0.038,0.0,21.017,20.466,19.457,18.853,18.714,0.382
307,2,10.05,-0.79,0.35414,-1.575,3.62,4.99,11.4,0.038,0.0,20.108,19.555,18.536,17.938,17.795,0.354
308,2,10.05,-0.79,0.3274,-1.643,3.617,5.009,11.6,0.038,0.0,20.478,19.925,18.895,18.302,18.156,0.327
309,2,10.05,-0.79,0.69637,-0.485,3.728,4.623,12.0,0.038,0.0,17.983,17.427,16.757,16.35,16.29,0.696
310,2,10.05,-0.79,0.50243,-1.178,3.644,4.84,12.3,0.038,0.0,20.014,19.462,18.509,17.9,17.786,0.502
311,2,10.05,-0.79,0.88076,0.45,3.78,3.999,12.6,0.038,0.0,16.244,15.777,15.258,14.964,14.929,0.881
312,2,10.05,-0.75,0.80676,-0.029,3.777,4.427,13.5,0.038,0.0,18.343,17.864,17.338,17.038,17.001,0.807
313,2,10.05,-0.75,0.76996,-0.195,3.762,4.512,15.0,0.038,0.0,20.258,19.75,19.182,18.849,18.806,0.77
314,2,10.05,-0.73,0.70604,-0.461,3.729,4.61,8.7,0.037,0.0,14.622,14.065,13.4,12.996,12.937,0.706
315,2,10.05,-0.73,0.56413,-0.984,3.66,4.759,10.3,0.038,0.0,17.531,16.974,16.069,15.478,15.38,0.564
316,2,10.05,-0.73,0.29602,-1.728,3.611,5.026,11.1,0.038,0.0,20.19,19.64,18.589,17.999,17.849,0.296
317,2,10.05,-0.73,0.37,-1.536,3.621,4.973,12.1,0.038,0.0,20.711,20.16,19.14,18.536,18.396,0.37
318,2,10.05,-0.73,0.571,-0.961,3.662,4.751,13.6,0.038,0.0,20.772,20.214,19.317,18.732,18.636,0.571
319,2,10.05,-0.73,0.65436,-0.657,3.701,4.662,14.0,0.038,0.0,20.413,19.841,19.083,18.605,18.532,0.654
320,2,10.05,-0.71,0.2136,-2.016,3.592,5.098,11.4,0.038,0.0,21.21,20.675,19.556,18.983,18.815,0.214
321,2,10.05,-0.71,0.35783,-1.57,3.619,4.985,12.7,0.038,0.0,21.395,20.844,19.818,19.216,19.075,0.358
322,2,10.05,-0.69,0.2837,-1.769,3.607,5.035,11.0,0.038,0.0,20.192,19.642,18.58,17.992,17.84,0.284
323,2,10.05,-0.69,0.81119,-0.028,3.775,4.421,11.3,0.038,0.0,16.14,15.654,15.124,14.821,14.784,0.811
324,2,10.05,-0.69,0.36825,-1.543,3.62,4.974,11.6,0.038,0.0,20.229,19.679,18.654,18.048,17.909,0.368
325,2,10.05,-0.67,0.55315,-1.032,3.653,4.772,8.0,0.036,0.0,15.349,14.795,13.865,13.257,13.155,0.553
326,2,10.05,-0.67,0.2678,-1.809,3.604,5.036,10.7,0.038,0.0,19.994,19.445,18.371,17.786,17.631,0.268
327,2,10.05,-0.67,0.44553,-1.351,3.629,4.901,11.4,0.038,0.0,19.548,19.0,17.999,17.38,17.252,0.446
328,2,10.05,-0.67,0.28429,-1.756,3.607,5.022,11.9,0.038,0.0,21.06,20.511,19.447,18.858,18.706,0.284
329,2,10.05,-0.67,0.53962,-1.075,3.65,4.79,12.4,0.038,0.0,19.857,19.306,18.364,17.747,17.643,0.54
330,2,10.05,-0.67,0.55624,-1.021,3.654,4.768,13.5,0.038,0.0,20.823,20.269,19.343,18.736,18.635,0.556
331,2,10.05,-0.65,0.11425,-2.819,3.498,5.253,8.1,0.036,0.0,19.917,19.649,18.043,17.466,17.244,0.114
332,2,10.05,-0.65,0.13321,-2.646,3.514,5.21,9.2,0.038,0.0,20.585,20.269,18.754,18.18,17.952,0.133
333,2,10.05,-0.65,0.24929,-1.876,3.598,5.05,11.7,0.038,0.0,21.161,20.617,19.522,18.942,18.782,0.249
334,2,10.05,-0.65,0.46473,-1.304,3.631,4.881,12.3,0.038,0.0,20.329,19.782,18.786,18.164,18.04,0.465
335,2,10.05,-0.65,0.86734,0.235,3.786,4.232,13.5,0.038,0.0,17.683,17.218,16.719,16.44,16.406,0.867
336,2,10.05,-0.63,0.38297,-1.513,3.617,4.949,11.0,0.038,0.0,19.551,19.004,17.968,17.359,17.219,0.383
337,2,10.05,-0.63,0.23232,-1.952,3.592,5.071,11.2,0.038,0.0,20.85,20.316,19.193,18.619,18.452,0.232
338,2,10.05,-0.63,0.52753,-1.123,3.644,4.805,12.8,0.038,0.0,20.378,19.83,18.869,18.247,18.138,0.528
339,2,10.05,-0.63,0.79547,-0.14,3.763,4.476,14.1,0.038,0.0,19.22,18.708,18.144,17.815,17.773,0.795
340,2,10.05,-0.61,0.41622,-1.438,3.62,4.922,10.8,0.038,0.0,19.165,18.62,17.59,16.972,16.837,0.416
341,2,10.05,-0.61,0.34361,-1.613,3.611,4.978,12.1,0.038,0.0,20.904,20.356,19.301,18.702,18.556,0.344
342,2,10.05,-0.59,0.25298,-1.883,3.594,5.044,10.6,0.038,0.0,20.077,19.541,18.423,17.846,17.682,0.253
343,2,10.05,-0.59,0.29496,-1.749,3.602,5.01,11.5,0.038,0.0,20.642,20.095,19.012,18.426,18.272,0.295
344,2,10.05,-0.59,0.42789,-1.414,3.62,4.911,13.0,0.038,0.0,21.306,20.761,19.731,19.111,18.976,0.428
345,2,10.05,-0.57,0.09752,-3.081,3.464,5.309,8.5,0.037,0.0,20.972,20.832,18.998,18.428,18.221,0.098
346,2,10.05,-0.57,0.4113,-1.46,3.616,4.923,11.0,0.038,0.0,19.421,18.877,17.833,17.218,17.08,0.411
347,2,10.05,-0.57,0.43231,-1.408,3.62,4.907,11.2,0.038,0.0,19.491,18.947,17.914,17.292,17.158,0.432
348,2,10.05,-0.57,0.34472,-1.625,3.608,4.977,11.4,0.038,0.0,20.232,19.686,18.619,18.021,17.874,0.345
349,2,10.05,-0.57,0.25711,-1.876,3.593,5.04,11.5,0.038,0.0,20.959,20.426,19.302,18.726,18.561,0.257
350,2,10.05,-0.55,0.45868,-1.345,3.623,4.882,11.1,0.038,0.0,19.233,18.691,17.665,17.035,16.905,0.459
351,2,10.05,-0.53,0.38561,-1.535,3.609,4.942,12.1,0.038,0.0,20.708,20.165,19.099,18.493,18.349,0.386
352,2,10.05,-0.51,0.44664,-1.388,3.617,4.891,11.5,0.038,0.0,19.74,19.198,18.154,17.53,17.396,0.447
353,2,10.05,-0.51,0.72039,-0.499,3.715,4.602,12.6,0.038,0.0,18.618,18.045,17.334,16.892,16.829,0.72
354,2,10.05,-0.49,0.86349,0.056,3.776,4.368,13.0,0.038,0.0,17.631,17.132,16.609,16.311,16.274,0.863
355,2,10.05,-0.41,0.23828,-1.994,3.574,5.053,9.7,0.038,0.0,19.455,18.961,17.736,17.178,16.99,0.238
356,2,10.05,-0.41,0.26751,-1.895,3.58,5.027,11.1,0.038,0.0,20.606,20.101,18.905,18.338,18.159,0.268
357,2,10.05,-0.41,0.39446,-1.545,3.6,4.927,11.8,0.038,0.0,20.434,19.899,18.793,18.188,18.04,0.394
358,2,10.05,-0.39,0.55856,-1.094,3.636,4.77,13.1,0.038,0.0,20.604,20.064,19.069,18.424,18.313,0.559
359,2,10.05,-0.39,0.66993,-0.731,3.679,4.656,13.5,0.038,0.0,20.096,19.524,18.681,18.13,18.05,0.67
360,2,10.05,-0.37,0.55291,-1.116,3.633,4.776,10.4,0.038,0.0,17.959,17.421,16.416,15.768,15.654,0.553
361,2,10.05,-0.33,0.93352,0.306,3.772,4.134,13.2,0.038,0.0,17.204,16.687,16.154,15.852,15.813,0.934
362,2,10.05,-0.31,0.62788,-0.903,3.654,4.702,12.1,0.038,0.0,19.126,18.573,17.638,17.016,16.921,0.628
363,2,10.07,-1.05,0.57884,-0.88,3.681,4.751,12.4,0.038,0.0,19.369,18.804,17.978,17.455,17.364,0.579
364,2,10.07,-0.99,0.46264,-1.273,3.641,4.888,10.2,0.038,0.0,18.153,17.598,16.643,16.049,15.926,0.463
365,2,10.07,-0.99,0.18192,-2.178,3.578,5.134,11.3,0.038,0.0,21.515,20.999,19.832,19.27,19.084,0.182
366,2,10.07,-0.99,0.33589,-1.608,3.622,5.005,12.2,0.038,0.0,20.991,20.435,19.426,18.842,18.694,0.336
367,2,10.07,-0.99,0.40068,-1.436,3.63,4.944,12.7,0.038,0.0,21.061,20.506,19.52,18.928,18.791,0.401
368,2,10.07,-0.95,0.91422,-0.396,4.5,7.581,11.7,0.038,0.0,17.459,20.826,21.219,21.366,21.454,0.634
369,2,10.07,-0.91,0.73376,-0.293,3.755,4.563,13.2,0.038,0.0,18.702,18.19,17.601,17.255,17.207,0.734
370,2,10.07,-0.89,0.37665,-1.507,3.625,4.967,13.0,0.038,0.0,21.538,20.985,19.982,19.384,19.243,0.377
371,2,10.07,-0.87,0.75151,-0.226,3.761,4.532,10.3,0.038,0.0,15.635,15.134,14.563,14.229,14.185,0.752
372,2,10.07,-0.85,0.28693,-1.747,3.611,5.034,11.8,0.038,0.0,20.938,20.386,19.341,18.757,18.604,0.287
373,2,10.07,-0.85,0.41129,-1.419,3.629,4.933,12.5,0.038,0.0,20.818,20.266,19.272,18.668,18.534,0.411
374,2,10.07,-0.83,0.5878,-0.883,3.674,4.732,12.6,0.038,0.0,19.578,19.014,18.158,17.604,17.514,0.588
375,2,10.07,-0.83,0.80019,-0.01,3.78,4.417,12.9,0.038,0.0,17.694,17.228,16.71,16.414,16.378,0.8
376,2,10.07,-0.81,0.18711,-2.155,3.578,5.124,10.7,0.038,0.0,20.858,20.345,19.169,18.608,18.423,0.187
377,2,10.07,-0.81,0.34328,-1.6,3.619,4.997,11.1,0.038,0.0,19.87,19.317,18.296,17.701,17.557,0.343
378,2,10.07,-0.77,0.70824,-0.433,3.734,4.603,11.3,0.038,0.0,17.152,16.603,15.953,15.56,15.503,0.708
379,2,10.07,-0.77,0.34113,-1.608,3.618,4.998,12.0,0.038,0.0,20.79,20.237,19.211,18.616,18.471,0.341
380,2,10.07,-0.77,0.81456,0.044,3.782,4.378,12.4,0.038,0.0,17.06,16.594,16.081,15.79,15.755,0.815
381,2,10.07,-0.77,0.49922,-1.188,3.643,4.843,12.8,0.038,0.0,20.54,19.989,19.031,18.42,18.305,0.499
382,2,10.07,-0.75,0.15716,-2.416,3.541,5.161,9.5,0.038,0.0,20.311,19.911,18.552,17.98,17.756,0.157
383,2,10.07,-0.75,0.40963,-1.431,3.626,4.932,10.9,0.038,0.0,19.247,18.697,17.692,17.08,16.946,0.41
384,2,10.07,-0.75,0.22695,-1.959,3.596,5.084,11.2,0.038,0.0,20.867,20.325,19.226,18.651,18.487,0.227
385,2,10.07,-0.75,0.34355,-1.603,3.618,4.996,12.2,0.038,0.0,20.977,20.425,19.399,18.801,18.658,0.344
386,2,10.07,-0.75,0.506,-1.169,3.644,4.834,12.3,0.038,0.0,19.991,19.44,18.485,17.873,17.76,0.506
387,2,10.07,-0.75,0.56158,-0.987,3.66,4.761,13.3,0.038,0.0,20.538,19.981,19.076,18.488,18.389,0.562
388,2,10.07,-0.73,0.25545,-1.852,3.603,5.054,10.4,0.038,0.0,19.8,19.251,18.176,17.594,17.437,0.255
389,2,10.07,-0.73,0.24326,-1.896,3.6,5.065,11.1,0.038,0.0,20.609,20.06,18.977,18.398,18.239,0.243
390,2,10.07,-0.73,0.2111,-2.023,3.592,5.1,11.4,0.038,0.0,21.228,20.693,19.574,19.002,18.833,0.211
391,2,10.07,-0.73,0.47257,-1.268,3.637,4.873,12.1,0.038,0.0,20.04,19.491,18.513,17.898,17.777,0.473
392,2,10.07,-0.73,0.40541,-1.443,3.625,4.935,12.6,0.038,0.0,20.977,20.427,19.418,18.805,18.67,0.405
393,2,10.07,-0.73,0.3768,-1.517,3.622,4.965,12.7,0.038,0.0,21.263,20.712,19.694,19.088,18.949,0.377
394,2,10.07,-0.73,0.74802,-0.278,3.752,4.542,13.1,0.038,0.0,18.566,18.038,17.442,17.089,17.041,0.748
395,2,10.07,-0.71,0.27481,-1.793,3.606,5.041,11.7,0.038,0.0,20.953,20.404,19.338,18.752,18.599,0.275
396,2,10.07,-0.71,0.48416,-1.237,3.638,4.859,13.1,0.038,0.0,20.963,20.413,19.44,18.823,18.705,0.484
397,2,10.07,-0.71,0.71451,-0.421,3.734,4.594,13.8,0.038,0.0,19.623,19.072,18.42,18.026,17.97,0.715
398,2,10.07,-0.71,0.89296,0.889,3.703,3.258,14.1,0.038,0.0,16.647,16.081,15.324,14.844,14.778,0.893
399,2,10.07,-0.69,0.18395,-2.192,3.571,5.125,11.2,0.038,0.0,21.449,20.955,19.74,19.181,18.987,0.184
400,2,10.07,-0.69,0.62408,-0.773,3.683,4.686,14.6,0.038,0.0,21.303,20.734,19.911,19.38,19.298,0.624
401,2,10.07,-0.67,0.59046,-0.902,3.666,4.722,12.3,0.038,0.0,19.325,18.764,17.879,17.3,17.208,0.59
402,2,10.07,-0.67,0.89703,0.797,3.704,3.355,12.6,0.038,0.0,15.378,14.811,14.056,13.579,13.513,0.897
403,2,10.07,-0.65,0.65886,-0.656,3.699,4.654,9.6,0.038,0.0,16.01,15.436,14.668,14.182,14.109,0.659
404,2,10.07,-0.65,0.25108,-1.869,3.599,5.047,9.8,0.038,0.0,19.242,18.697,17.604,17.024,16.865,0.251
405,2,10.07,-0.65,0.41998,-1.418,3.624,4.921,10.9,0.038,0.0,19.214,18.667,17.651,17.031,16.898,0.42
406,2,10.07,-0.65,0.89506,0.468,3.741,3.833,11.1,0.038,0.0,14.699,14.159,13.529,13.15,13.1,0.895
407,2,10.07,-0.65,0.47508,-1.273,3.634,4.868,11.9,0.038,0.0,19.852,19.305,18.315,17.693,17.571,0.475
408,2,10.07,-0.65,0.66835,-0.62,3.704,4.645,12.0,0.038,0.0,18.321,17.748,16.998,16.526,16.456,0.668
409,2,10.07,-0.65,0.41672,-1.426,3.623,4.924,12.1,0.038,0.0,20.434,19.887,18.869,18.251,18.117,0.417
410,2,10.07,-0.63,0.24986,-1.879,3.597,5.047,10.1,0.038,0.0,19.568,19.027,17.924,17.345,17.183,0.25
411,2,10.07,-0.63,0.21616,-2.017,3.588,5.088,10.8,0.038,0.0,20.612,20.085,18.944,18.374,18.202,0.216
412,2,10.07,-0.63,0.39447,-1.485,3.619,4.94,11.6,0.038,0.0,20.082,19.536,18.503,17.891,17.753,0.394
413,2,10.07,-0.63,0.44912,-1.351,3.627,4.895,12.8,0.038,0.0,20.947,20.402,19.392,18.768,18.639,0.449
414,2,10.07,-0.61,0.90036,0.436,3.769,3.98,11.0,0.038,0.0,14.679,14.179,13.634,13.321,13.282,0.9
415,2,10.07,-0.61,0.33199,-1.643,3.609,4.985,11.5,0.038,0.0,20.377,19.829,18.769,18.173,18.025,0.332
416,2,10.07,-0.61,0.69155,-0.552,3.712,4.624,12.2,0.038,0.0,18.349,17.778,17.057,16.606,16.541,0.692
417,2,10.07,-0.61,0.58089,-0.954,3.659,4.737,12.3,0.038,0.0,19.455,18.9,17.987,17.386,17.29,0.581
418,2,10.07,-0.59,0.19533,-2.128,3.576,5.107,10.2,0.038,0.0,20.289,19.783,18.585,18.028,17.841,0.195
419,2,10.07,-0.59,0.25888,-1.863,3.595,5.039,11.2,0.038,0.0,20.627,20.089,18.976,18.398,18.236,0.259
420,2,10.07,-0.59,0.62212,-0.817,3.674,4.692,11.3,0.038,0.0,18.112,17.546,16.688,16.127,16.042,0.622
421,2,10.07,-0.59,0.39217,-1.501,3.615,4.939,12.0,0.038,0.0,20.523,19.978,18.933,18.322,18.182,0.392
422,2,10.07,-0.59,0.92649,1.15,3.693,2.972,13.1,0.038,0.0,14.995,14.427,13.632,13.123,13.052,0.926
423,2,10.07,-0.57,0.40878,-1.466,3.616,4.924,11.1,0.038,0.0,19.535,18.99,17.946,17.331,17.193,0.409
424,2,10.07,-0.57,0.73899,-0.39,3.732,4.57,11.8,0.038,0.0,17.545,16.985,16.329,15.93,15.875,0.739
425,2,10.07,-0.57,0.43395,-1.403,3.62,4.905,12.1,0.038,0.0,20.379,19.835,18.802,18.18,18.046,0.434
426,2,10.07,-0.57,0.27359,-1.822,3.596,5.027,12.2,0.038,0.0,21.526,20.987,19.878,19.298,19.137,0.274
427,2,10.07,-0.57,0.54802,-1.073,3.645,4.778,12.5,0.038,0.0,19.953,19.405,18.446,17.82,17.714,0.548
428,2,10.07,-0.55,0.51605,-1.178,3.636,4.818,12.8,0.038,0.0,20.515,19.971,18.982,18.35,18.234,0.516
429,2,10.07,-0.53,0.84983,0.044,3.775,4.37,10.7,0.038,0.0,15.359,14.862,14.336,14.036,14.0,0.85
430,2,10.07,-0.53,0.48137,-1.285,3.626,4.856,12.9,0.038,0.0,20.883,20.342,19.324,18.688,18.562,0.481
431,2,10.07,-0.51,0.60187,-0.92,3.658,4.716,9.7,0.038,0.0,16.77,16.216,15.298,14.691,14.596,0.602
432,2,10.07,-0.51,0.66726,-0.685,3.69,4.651,11.6,0.038,0.0,18.082,17.509,16.706,16.189,16.113,0.667
433,2,10.07,-0.49,0.45861,-1.359,3.618,4.878,10.8,0.038,0.0,18.968,18.428,17.385,16.756,16.624,0.459
434,2,10.07,-0.47,0.88771,0.184,3.779,4.265,10.0,0.038,0.0,14.31,13.817,13.304,13.014,12.978,0.888
435,2,10.07,-0.43,0.27686,-1.858,3.584,5.02,11.9,0.038,0.0,21.315,20.802,19.626,19.055,18.881,0.277
436,2,10.07,-0.39,0.32548,-1.736,3.589,4.988,10.4,0.038,0.0,19.511,18.994,17.832,17.252,17.086,0.325
437,2,10.07,-0.39,0.53247,-1.17,3.629,4.797,10.8,0.038,0.0,18.494,17.958,16.94,16.291,16.173,0.532
438,2,10.07,-0.37,0.27959,-1.868,3.579,5.016,11.9,0.038,0.0,21.341,20.841,19.633,19.066,18.886,0.28
439,3,10.07,-3.13,0.45143,-1.235,3.663,4.924,13.3,0.038,0.0,21.159,20.575,19.726,19.274,19.13,0.451
440,3,10.07,-2.97,0.1629,-2.195,3.602,5.197,11.2,0.038,0.0,21.457,20.895,19.841,19.334,19.2,0.163
441,3,10.07,-2.97,0.4639,-1.198,3.666,4.911,13.3,0.038,0.0,21.066,20.482,19.643,19.194,19.053,0.464
442,3,10.07,-2.93,0.284,-1.665,3.636,5.047,12.1,0.038,0.0,21.032,20.455,19.519,19.031,18.874,0.284
443,3,10.07,-2.35,0.2697,-1.706,3.634,5.055,11.2,0.038,0.0,20.235,19.662,18.714,18.213,18.056,0.27
444,3,10.07,-2.29,0.60351,-0.676,3.732,4.768,13.8,0.038,0.0,20.26,19.748,19.091,18.716,18.639,0.604
445,3,10.07,-2.17,0.65562,-0.462,3.756,4.686,14.9,0.038,0.0,20.826,20.363,19.766,19.421,19.363,0.656
446,3,10.07,-2.05,0.79556,0.304,3.825,4.281,14.8,0.038,0.0,18.809,18.499,18.084,17.865,17.842,0.796
447,3,10.07,-2.03,0.78274,0.201,3.818,4.35,16.5,0.038,0.0,20.768,20.444,20.01,19.776,19.751,0.783
448,3,10.07,-1.93,0.20504,-1.95,3.619,5.121,11.2,0.038,0.0,20.844,20.285,19.281,18.741,18.577,0.205
449,3,10.07,-1.93,0.60099,-0.704,3.724,4.763,14.9,0.038,0.0,21.429,20.894,20.217,19.827,19.748,0.601
450,3,10.07,-1.91,0.42641,-1.307,3.658,4.953,12.0,0.038,0.0,20.037,19.461,18.585,18.087,17.952,0.426
451,3,10.07,-1.91,0.41923,-1.327,3.657,4.961,12.5,0.038,0.0,20.588,20.012,19.132,18.632,18.496,0.419
452,3,10.07,-1.89,0.21804,-1.896,3.622,5.107,12.0,0.038,0.0,21.509,20.948,19.954,19.414,19.251,0.218
453,3,10.07,-1.89,0.55253,-0.902,3.696,4.811,13.9,0.038,0.0,20.926,20.358,19.6,19.16,19.059,0.553
454,3,10.07,-1.85,0.66826,-0.426,3.757,4.664,12.5,0.038,0.0,18.334,17.866,17.275,16.932,16.878,0.668
455,3,10.07,-1.85,0.64589,-0.521,3.746,4.698,13.3,0.038,0.0,19.372,18.878,18.259,17.899,17.836,0.646
456,3,10.07,-1.81,0.56371,-0.857,3.702,4.799,14.1,0.038,0.0,21.013,20.449,19.708,19.276,19.181,0.564
457,3,10.07,-1.77,0.64444,-0.531,3.744,4.7,13.6,0.038,0.0,19.698,19.198,18.573,18.21,18.147,0.644
458,3,10.07,-1.71,0.58226,-0.786,3.711,4.778,14.5,0.038,0.0,21.234,20.681,19.964,19.544,19.457,0.582
459,3,10.07,-1.69,0.74957,-0.048,3.796,4.491,15.3,0.038,0.0,20.19,19.807,19.316,19.038,19.007,0.75
460,3,10.07,-1.67,0.37468,-1.44,3.649,4.996,12.9,0.038,0.0,21.27,20.698,19.788,19.261,19.125,0.375
461,3,10.07,-1.63,0.6504,-0.516,3.744,4.687,11.7,0.038,0.0,17.759,17.254,16.63,16.265,16.203,0.65
462,3,10.07,-1.61,0.42992,-1.304,3.656,4.945,12.5,0.038,0.0,20.531,19.96,19.068,18.543,18.415,0.43
463,3,10.07,-1.57,0.3274,-1.567,3.638,5.02,12.7,0.038,0.0,21.388,20.822,19.876,19.333,19.187,0.327
464,3,10.07,-1.43,0.58066,-0.818,3.7,4.766,13.0,0.038,0.0,19.815,19.25,18.496,18.042,17.954,0.581
465,3,10.07,-1.27,0.63279,-0.628,3.722,4.702,13.0,0.038,0.0,19.339,18.79,18.106,17.695,17.625,0.633
466,3,10.07,-1.27,0.6743,-0.456,3.746,4.652,14.2,0.038,0.0,20.109,19.595,18.979,18.615,18.559,0.674
467,3,10.07,-1.13,0.2817,-1.746,3.615,5.042,12.1,0.038,0.0,21.235,20.68,19.655,19.081,18.925,0.282
468,3,10.07,-1.13,0.67485,-0.486,3.738,4.649,15.4,0.038,0.0,21.385,20.853,20.213,19.832,19.772,0.675
469,3,10.07,-1.11,0.52756,-1.055,3.663,4.813,12.9,0.038,0.0,20.306,19.745,18.86,18.301,18.196,0.528
470,3,10.07,-1.01,0.78949,0.001,3.786,4.426,13.3,0.038,0.0,18.068,17.629,17.123,16.837,16.803,0.789
471,3,10.07,-0.91,0.63255,-0.7,3.701,4.688,13.1,0.038,0.0,19.62,19.051,18.292,17.817,17.741,0.633
472,3,10.07,-0.91,0.65215,-0.623,3.712,4.668,14.0,0.038,0.0,20.329,19.765,19.043,18.596,18.526,0.652
473,3,10.07,-0.85,0.77787,-0.111,3.772,4.475,15.9,0.038,0.0,20.948,20.466,19.925,19.614,19.575,0.778
474,3,10.07,-0.77,0.76384,-0.199,3.761,4.511,14.4,0.038,0.0,19.668,19.161,18.591,18.258,18.215,0.764
475,3,10.07,-0.75,0.43593,-1.366,3.63,4.911,13.2,0.038,0.0,21.384,20.834,19.84,19.228,19.099,0.436
476,3,10.07,-0.55,0.36179,-1.588,3.608,4.963,11.4,0.038,0.0,20.141,19.596,18.528,17.927,17.782,0.362
477,3,10.11,-3.05,0.68069,-0.316,3.773,4.624,13.9,0.038,0.0,19.46,19.047,18.489,18.166,18.12,0.681
478,3,10.11,-2.79,0.73013,-0.053,3.8,4.5,15.4,0.038,0.0,20.302,19.952,19.462,19.185,19.156,0.73
479,3,10.11,-2.67,0.25261,-1.752,3.631,5.062,12.2,0.038,0.0,21.35,20.776,19.822,19.326,19.167,0.253
480,3,10.11,-2.55,0.57492,-0.791,3.713,4.788,11.9,0.038,0.0,18.646,18.107,17.402,17.007,16.913,0.575
481,3,10.11,-2.51,0.80595,0.947,3.741,3.309,14.1,0.038,0.0,16.503,16.037,15.386,14.992,14.937,0.806
482,3,10.11,-2.41,0.56626,-0.83,3.707,4.796,13.4,0.038,0.0,20.245,19.694,18.973,18.568,18.469,0.566
483,3,10.11,-2.35,0.6814,-0.313,3.773,4.623,15.1,0.038,0.0,20.651,20.235,19.679,19.357,19.312,0.681
484,3,10.11,-2.33,0.57226,-0.803,3.712,4.79,13.1,0.038,0.0,19.877,19.332,18.621,18.22,18.126,0.572
485,3,10.11,-2.33,0.78172,0.352,3.828,4.238,14.8,0.038,0.0,18.691,18.392,17.983,17.769,17.747,0.782
486,3,10.11,-2.27,0.25582,-1.743,3.631,5.06,11.7,0.038,0.0,20.826,20.256,19.299,18.79,18.632,0.256
487,3,10.11,-2.27,0.75708,0.128,3.815,4.393,14.5,0.038,0.0,18.95,18.624,18.177,17.932,17.907,0.757
488,3,10.11,-2.13,0.39453,-1.391,3.653,4.982,13.2,0.038,0.0,21.447,20.868,19.98,19.491,19.346,0.395
489,3,10.11,-2.13,0.69959,-0.234,3.781,4.585,14.1,0.038,0.0,19.456,19.052,18.516,18.207,18.167,0.7
490,3,10.11,-2.07,0.46593,-1.189,3.666,4.906,13.0,0.038,0.0,20.741,20.163,19.317,18.841,18.711,0.466
491,3,10.11,-2.03,0.53516,-0.958,3.689,4.827,14.2,0.038,0.0,21.365,20.794,20.018,19.575,19.465,0.535
492,3,10.11,-1.97,0.2724,-1.695,3.634,5.051,12.3,0.038,0.0,21.307,20.738,19.786,19.263,19.107,0.272
493,3,10.11,-1.85,0.24965,-1.761,3.63,5.063,12.0,0.038,0.0,21.172,20.607,19.64,19.105,18.947,0.25
494,3,10.11,-1.85,0.62831,-0.577,3.739,4.714,14.6,0.038,0.0,20.813,20.305,19.667,19.296,19.229,0.628
495,3,10.11,-1.83,0.25661,-1.74,3.632,5.06,12.3,0.038,0.0,21.421,20.855,19.892,19.357,19.201,0.257
496,3,10.11,-1.77,0.25989,-1.731,3.632,5.058,11.5,0.038,0.0,20.597,20.032,19.069,18.532,18.377,0.26
497,3,10.11,-1.75,0.61614,-0.635,3.73,4.73,8.7,0.037,0.0,15.057,14.53,13.87,13.486,13.414,0.616
498,3,10.11,-1.75,0.53116,-0.972,3.688,4.832,12.9,0.038,0.0,20.101,19.531,18.744,18.281,18.177,0.531
499,3,10.11,-1.75,0.79927,0.447,3.817,4.106,15.5,0.038,0.0,19.152,18.811,18.377,18.145,18.119,0.799
500,3,10.11,-1.71,0.74826,0.005,3.799,4.45,13.7,0.038,0.0,18.457,18.082,17.599,17.327,17.298,0.748
501,3,10.11,-1.69,0.74521,-0.016,3.797,4.462,13.4,0.038,0.0,18.211,17.831,17.344,17.068,17.038,0.745
502,3,10.11,-1.69,0.65573,-0.466,3.751,4.67,15.4,0.038,0.0,21.336,20.847,20.241,19.888,19.831,0.656
503,3,10.11,-1.67,0.5674,-0.836,3.704,4.789,13.0,0.038,0.0,19.86,19.299,18.561,18.127,18.036,0.567
504,3,10.11,-1.59,0.31598,-1.589,3.638,5.023,12.2,0.038,0.0,20.942,20.376,19.428,18.885,18.739,0.316
505,3,10.11,-1.59,0.63809,-0.555,3.738,4.695,14.3,0.038,0.0,20.456,19.94,19.3,18.925,18.86,0.638
506,3,10.11,-1.57,0.50038,-1.095,3.671,4.861,13.0,0.038,0.0,20.508,19.938,19.091,18.583,18.47,0.5
507,3,10.11,-1.55,0.58447,-0.781,3.708,4.763,12.7,0.038,0.0,19.423,18.865,18.138,17.706,17.62,0.584
508,3,10.11,-1.53,0.77005,0.07,3.802,4.41,16.7,0.038,0.0,21.296,20.92,20.449,20.185,20.157,0.77
509,3,10.11,-1.51,0.70596,-0.269,3.771,4.585,14.3,0.038,0.0,19.742,19.293,18.74,18.419,18.375,0.706
510,3,10.11,-1.47,0.61709,-0.657,3.722,4.72,12.5,0.038,0.0,18.913,18.368,17.684,17.279,17.205,0.617
511,3,10.11,-1.35,0.32661,-1.6,3.629,5.013,10.7,0.038,0.0,19.47,18.909,17.929,17.365,17.215,0.327
512,3,10.11,-1.29,0.47119,-1.215,3.652,4.881,10.9,0.038,0.0,18.708,18.146,17.231,16.669,16.549,0.471
513,3,10.11,-1.29,0.45857,-1.255,3.649,4.895,12.3,0.038,0.0,20.207,19.645,18.72,18.155,18.031,0.459
514,3,10.11,-1.21,0.81294,0.363,3.803,4.143,13.9,0.038,0.0,17.763,17.371,16.907,16.652,16.623,0.813
515,3,10.11,-1.21,0.65166,-0.545,3.732,4.67,14.7,0.038,0.0,20.832,20.295,19.638,19.245,19.181,0.652
516,3,10.11,-1.21,0.70855,-0.294,3.763,4.581,15.3,0.038,0.0,20.805,20.324,19.754,19.422,19.376,0.709
517,3,10.11,-1.19,0.30391,-1.673,3.621,5.022,9.8,0.038,0.0,18.753,18.196,17.188,16.615,16.461,0.304
518,3,10.11,-1.19,0.64632,-0.572,3.727,4.676,13.0,0.038,0.0,19.2,18.655,17.985,17.584,17.518,0.646
519,3,10.11,-1.17,0.66007,-0.518,3.734,4.658,13.7,0.038,0.0,19.766,19.231,18.58,18.192,18.13,0.66
520,3,10.11,-1.11,0.67288,-0.478,3.738,4.64,12.2,0.038,0.0,18.164,17.633,16.993,16.611,16.551,0.673
521,3,10.11,-1.11,0.70668,-0.33,3.756,4.588,15.2,0.038,0.0,20.796,20.296,19.708,19.363,19.314,0.707
522,3,10.11,-1.09,0.69706,-0.379,3.75,4.605,14.3,0.038,0.0,20.017,19.502,18.898,18.541,18.489,0.697
523,3,10.11,-1.07,0.3064,-1.674,3.619,5.019,12.5,0.038,0.0,21.456,20.899,19.884,19.305,19.153,0.306
524,3,10.11,-1.05,0.53309,-1.037,3.663,4.802,13.6,0.038,0.0,20.962,20.402,19.516,18.953,18.849,0.533
525,3,10.11,-1.01,0.31907,-1.646,3.62,5.012,12.3,0.038,0.0,21.184,20.628,19.614,19.032,18.882,0.319
526,3,10.11,-0.97,0.52227,-1.084,3.657,4.814,13.0,0.038,0.0,20.48,19.923,19.014,18.432,18.325,0.522
527,3,10.11,-0.85,0.5673,-0.942,3.668,4.752,13.7,0.038,0.0,20.826,20.265,19.389,18.824,18.729,0.567
528,3,10.11,-0.69,0.67493,-0.563,3.713,4.629,14.6,0.038,0.0,20.778,20.21,19.492,19.046,18.98,0.675
529,3,10.11,-0.51,0.76424,-0.296,3.741,4.526,16.0,0.038,0.0,21.509,20.958,20.33,19.952,19.901,0.764
530,3,10.11,-0.47,0.58457,-0.982,3.65,4.734,13.6,0.038,0.0,20.824,20.275,19.329,18.7,18.6,0.585
531,#TRILEGAL,normally,terminated,,,,,,,,,,,,,
