radius,mass
18.647,2543.0
16.14096,4417.837
1.91,8.08
4.203375,57.2094
3.24,13.6
2.57807,22.2481
14.68376472,4767.426105
21.59,3932.0
20.8487041,2479.0615746
12.44196858,2002.3189641
24.66,5403.0
16.7,327.35
10.87,874.0
16.02887,832.7146
15.13215,281.91521
9.919965,423.03173
12.21781,2358.2986
13.11453,168.13207
11.43,772.29
14.022459,1039.3041
13.33871,346.4347
16.42116,1051.973
11.209,1315.8162
14.5717,705.5826
4.88,12.2
11.76945,982.0947
3.7,5.7
5.0,28.0
12.10572,93.12419
14.12334,184.3414
11.287,3302.11
10.704595,152.87623
10.0881,270.1555
11.623733,6979.5468
11.309881,921.707
16.36514,266.9772
18.83108758,349.6112477
15.80466279,216.12331676
13.34,228.83
13.249038,149.3801
13.069694,937.5985
1.585,5.74
6.938371,69.28694
11.623733,262.52758
6.38913,47.6745
30.2643,3496.13
5.63,413.179
1.565,7.67
6.12,27.0
1.82,9.0
2.77,5.7
2.332,10.4
11.780659,953.49
12.44199,4131.79
1.95,8.75
3.67,14.67
3.94,10.18
1.9,4.0
1.16,1.62
2.678,6.55
1.193,1.32
2.61,22.7
2.13,3.34
0.88,4.0
3.88,12.58
1.264,1.86
1.217,1.84
0.718,0.546
1.09,1.75
2.63,7.6
8.4,53.83
4.2,23.1
1.289,2.77
1.331,1.9
1.62,3.42
1.24,1.45
2.04,2.35
16.47720163,6261.2196179
51.5614,9852.73
20.1762,4767.45
14.179,3591.3
13.77583728,533.95172376
14.81827249,259.66580852
0.9,10.0
14.79588,168.4499
4.901,25.0
10.749,67.059
14.258,270.462
12.89,709.367
12.016048,619.45067
13.33871,1331.38987
11.32109,170.67471
10.614923,62.29468
11.29865255,88.03846874
12.969,2888.95
9.75,2320.1
11.478016,1261.7851
12.10572,682.69884
13.72,658.0
13.922,217.704
13.339,180.202
6.333,18.751
11.43,197.05
13.585308,202.45771
12.408,247.261
9.27,187.83
16.466021,232.96939
11.99,689.98
20.131364,273.3338
18.898,242.176
13.417173,1058.3739
39.79195,2390.0816
14.616536,588.62116
13.798279,378.2177
9.247425,84.86061
17.609339,180.84527
14.93,216.12
19.392,195.457
18.887,254.253
14.34752,279.6904
14.359,210.395
13.922,111.871
15.984,283.492
14.392,156.684
15.838,549.823
14.056086,336.8998
14.437192,429.0705
14.493237,98.20947
11.309881,259.66711
14.773462,469.43491
10.581296,578.4506
14.84069045,189.42573057
16.432394,603.877
19.50366,448.1403
14.93036229,118.2321674
12.58768533,489.45574678
14.90797,336.58197
18.28184752,182.43350562
10.07687365,335.9446262
12.02723629,241.86741773
12.5428494,195.1466419
19.08889413,184.34047606
18.05766791,176.07693748
17.82231,248.86089
23.370765,108.0622
12.016048,230.10892
18.786284,1137.8314
15.043,564.442
20.96083,2154.8874
16.8135,430.34182
15.46842,247.27174
14.594,589.55
10.861521,185.93055
16.92559,270.1555
15.513256,759.6137
13.585308,188.15536
11.646151,339.76027
12.385945,689.6911
14.5717,1039.3041
8.709393,425.25654
14.896761,629.144485
12.57647635,435.42491759
10.682177,870.8542
20.84874,467.2101
15.636555,718.2958
14.12334,194.82979
19.61575,206.5895
16.8135,168.4499
13.383546,213.58176
14.022459,207.54299
15.479629,340.39593
13.170575,224.38798
18.38276,279.6904
14.000041,292.4036
13.78707,378.85336
16.02887,299.07803
16.409976,388.38826
13.843115,1022.14128
6.792654,31.46517
6.882326,23.51942
17.59813,200.2329
11.43318,416.03947
17.71022,505.3497
14.90797,3082.951
15.6926,597.5204
13.22662,82.95363
11.960003,177.9848
14.414774,222.481
10.121727,54.98459
12.520453,117.27927
8.9672,77.23269
8.574885,112.19399
10.222608,75.64354
12.66617,123.9537
15.80469,244.09344
15.490838,711.9392
15.02006,189.10885
11.37711541,239.32479047
14.022459,292.72143
18.920792,191.33366
12.767051,1000.21101
12.273855,327.3649
12.621334,256.17098
11.186582,101.38777
12.923977,210.40346
13.394755,1080.622
11.825495,56.89157
13.529263,305.1168
18.819911,305.1168
16.824709,260.93843
15.815899,1694.0339
18.887165,460.8535
13.809488,410.0007
10.592505,183.38791
6.310667,38.1396
15.513256,4100.007
11.478016,117.5971
8.0973816,39.855882
11.56766808,464.02947422
9.90873894,156.05374784
12.09449018,835.570882
13.05846252,436.69623122
9.785457,43.86054
11.937585,261.57409
2.44,12.6
4.35,15.2
2.2,5.69
2.388,6.3
2.852,8.52
1.94,3.9
2.601,5.04
2.607,8.4
2.05,4.55
11.2089807,2542.627256
12.55405838,693.50158407
2.5320132,6.1
1.664,4.72
2.608,11.29
2.562,8.82
1.31,4.04
11.500434,131.89945
7.330686,114.10097
3.41,11.56
5.83,27.5
1.699,7.2
2.522,8.79
12.274,1014.153
3.49,20.4
2.7,25.5
12.77826,362.3262
3.39512346,9.6
3.195,8.0
2.995,2.8
17.317905,323.23311
14.4595851,3496.112477
1.72,7.42
14.01122587,8899.195396
16.36511182,4036.4207689
2.25,6.1
2.501,14.4
16.264,203.4
1.745,8.83
2.697,17.7
0.892,3.7
1.602,4.74
1.511,4.36
1.61,16.17
4.71,16.6
9.17,60.5
2.607,26.57
2.0,8.32
2.149,17.18
0.75,0.55
0.818,0.72
1.137,0.77
2.07506422,4.2
2.54535814,8.7
1.36354953,4.3
1.24,2.14
1.533,3.09
16.14096,371.8611
2.199,18.496
4.23,7.943
3.25,5.681
1.7,5.02
3.01,9.8
9.718203,77.55052
3.42633318,5.9
2.45,7.8
2.45,10.8
2.16351593,37.3
2.58229101,17.2
12.31,126.0
2.91575244,10.5
2.9,11.1
2.884,10.48
2.79,10.2
2.39,9.7
2.705,8.38
11.242627,1307.55262
1.613,5.6
2.16,7.25
2.49,17.2
6.86,35.7
1.35,7.8
3.228,19.2
3.89,42.44
2.35389,8.88262703
2.53,11.82
1.551,4.5
1.538,5.14
22.75427,1021.18779
16.8135,2860.47
2.56,7.8
2.52442508,10.7
3.0,379.0
3.9,10.0
3.343,18.3
2.74,20.0
11.7768,6991.57
12.44199,9534.9
2.004,3.55
1.979,3.8
2.001,7.1
13.0,2000.0
13.0,3000.0
13.0,3000.0
13.11453,3178.3
3.84,27.0
3.88,21.8
3.59,30.0
16.14096,266.9772
5.28,59.4
2.592,15.9
1.9,8.6
10.42437,410.0007
10.558878,587.9855
12.498035,266.9772
2.44,5.2
1.81,6.5
14.5717,155.7367
1.014,4.3
3.0,18.1
1.565,3.0
0.89,158.915
1.51,3.1
2.299,6.31
2.39,7.92
3.39,12.97
2.904,1.63
3.013,4.32
9.056872,123.00021
13.56286665,295.58041851
1.51,4.97
7.0,7.4
2.25,5.6
2.19,7.49
2.3,6.5
2.61,8.63
2.46597575,11.41003981
2.69,20.0
7.46,44.0
4.51,15.9
1.11,10.0
1.73,6.9
2.85,12.4
1.75,8.0
2.5,444.962
2.35,8.7
1.197,2.49
2.12,21.3
11.859122,123.00021
1.343,11.26
1.281,12.81
2.358,21.14
18.49485,508.528
14.5717,273.3338
5.68,19.8
7.82,26.0
3.44,24.5
18.41635529,546.66486004
9.52763359,59.75174052
2.41,14.9
1.70824866,7.3418362
3.3,11.26782377
0.705,0.29013072
2.93,8.9
2.73,14.3
4.45,29.1
7.5,37.1
2.59,9.68
3.53,15.68
2.48,6.5
1.95,10.7
9.494023,100.11645
13.33871,232.0159
3.06,10.9
11.276254,246.00042
1.582,6.4
2.63,24.5
10.054473,106.47305
2.29,6.6
1.69,3.3
1.52,7.5
11.982421,187.20187
11.88154,563.83042
5.13,16.5
3.134,8.1
3.43,10.3
1.212,2.1
8.675766,82.6358
5.04,1175.971
15.434793,539.67534
1.43,4.3
3.2,7.9
1.655,7.7
2.42,9.9
5.71,39.8
1.015,7.5
2.66,1652.7077164
3.31,699.2224954
10.55,196.0
7.655747,135.39558
2.49,21.3
2.3,603.877
4.09,9.2
14.68379,349.613
5.06645928,34.00763955
14.45961,308.2951
12.442,8654.15
15.681391,215.80657
15.35633,61.97685
19.95202,301.9385
17.03768,380.12468
16.174587,289.2253
15.860735,874.0325
17.093725,416.3573
17.59813,375.0394
21.40919,1293.5681
14.45961,485.32641
19.514869,1074.90106
17.777474,1242.7153
14.829507,298.12454
14.257848,1646.3594
15.13212395,467.20775829
19.05526719,286.0455663
13.22662,141.0
17.183397,406.8224
20.84874,272.69814
21.196219,915.3504
13.78707,349.613
10.54,460.83
16.948008,2949.4624
3.438,9.5
1.9,4.6
1.9,9.0
8.86,71.0
5.44,15.0
1.13,2.23
2.58,11.02
0.61,8.0
2.80224517,7310.053361
1.19,9.2
1.21,10.36
7.718,22.70577859
11.32109,381.396
11.09691,613.4119
0.51,99.2
1.71,10.5
4.32,15.6
10.311,79.6018337
6.116,8.09386174
11.54527,346.4347
1.489,3.57
2.227,20.0
1.32,7.34
2.2,7.05
1.536,1.773084
5.77,51.1
1.25,3.78
0.47,4.3
0.58,3.0
1.18,3.8
2.22,8.93
0.88,5.2
3.486,9.8
5.613,30.44500869
3.13,19.6
2.36,7.14430805
2.635,5.54022107
5.52,5.1
1.6,3.6
0.82,5.3
2.5,10.44
0.95,8.1
2.621,6.59062512
1.536,3.8
1.597,10.0
0.86,3.8
2.903,14.1
2.329,4.5540591
2.52,21.8
1.92,7.45449199
2.73,5.9
3.12,7.3
3.98,7.0
2.845,18.46561699
3.588,8.82602991
7.0840758,222.4798849
2.001,7.52748
2.18,8.7
1.02,6.8
1.6,2.8
2.53,3.9
8.059,29.875
12.341,584.78
19.122554,136.6669
2.31,8.5
2.02,27.7
1.75,36.0
2.55,55.3
1.579,4.11726105
1.608,1.27942148
2.538,54.59018723
1.43,0.77
1.13,33.3
2.4,20.0
2.52,43.0
2.064,6.85501121
0.84,8.25
1.8,19.8
0.71,0.5
1.67,5.2
1.212,0.64
2.377,5.28789847
2.451,23.25579681
1.695,4.65807623
12.621334,2440.9344
2.65,37.1
4.32,79.4
10.76,209.76
8.594,48.30991786
12.419572,1678.1424
8.4493,105.833
1.93,12.1
1.87,11.8
11.8739,483.0
9.180171,158.915
2.213,5.4
5.02,48.6
11.99363,1868.8404
3.87,17.0
10.16,321.00669107
14.90797,785.0401
3.08,82.6
11.94877343,1322.16617312
2.03,4.47
2.05,5.42
9.96,1462.0106722
2.587,3.49494179
2.56,23.0
2.47,15.2
3.1,5.4
8.73,14.7
2.0,6.9
4.267,19.74151127
6.63,15.7
2.23,35.7
1.95,8.8
0.853,2.4
2.4,22.7
2.209,6.1
1.23,5.3
0.802,2.02
0.868,2.11
2.007,9.51297537
2.894,11.1
2.744,10.07
0.868,3.08
1.03,14.3
2.09,749.9
1.22,33.9
1.6354,10.4
2.45,18.3
2.34,23.6
2.51,19.1
2.38,36.0
2.68,15.1
2.99,7.4
3.44,5.1
3.8,5.9
4.6,4.8
1.56,24.0
2.29,45.2
1.638,2.56
3.2,858.1
2.206,4.44
2.2,35.4
2.13,24.1
5.6,169.7
2.0,13.5
2.02,33.3
2.8,508.5
2.28,102.3
2.32,15.2
2.38,225.6
3.31,21.6
2.6,9.0
4.5,1322.12
2.09,3.2
2.9,5.02
2.51,6.12
2.11,37.9
4.0,2895.31
7.17,21.2
1.31,78.0
1.63,97.8
2.83,25.2
2.74,18.4
2.92,87.3
3.36,39.6
5.5,7.4
3.1,37.5
3.6,479.9
2.77,10.9
2.46,61.0
3.1,56.2
2.15,7.3
11.59,132.0
2.68,4.0
3.6,127.1
3.14,4.0
3.24,48.5
7.39,42.1
3.6,63.566
12.3,640.0
8.8,23.1
3.6,10.5
3.3,6.0
2.76,6.2
3.01,8.81
2.7,3.9
4.71,29.5
3.9,2161.244
2.1,7.0
2.08,109.8
2.2,1303.0
2.02,7.7
1.67,684.4
1.9,79.7
3.03,44.6
2.79,17.4
2.41,6.9
1.18,20.3
2.3,28.5
5.4,39.4
2.6,0.39
4.6,4.1
3.5,5.5
4.0,9.6
1.61,28.2
2.43,30.6
1.56,8.5
1.16,7.3
1.18,14.7
8.564,69.92
0.8,0.5
1.3,2.2
1.86,94.5
8.16,40.363
3.1,6.1
2.28,14.8
3.03,4.8
3.16,11.1
4.8,2.9
4.6,2.7
1.486,1.08548813
3.692,9.61
2.41,66.4
0.3098,0.79
0.755,1.3
2.03,2.0
4.3,122.0
2.79,12.8
3.1,13.2
13.89916,6388.383
3.5,75.5
5.3,17.9
4.124912,23.83725
16.14096,686.5128
1.451,5.33198229
0.85,2.71
1.161,1.6690511
0.82,5.0
1.19,22.0
9.98,174.8
2.401,25.6
4.421,26.4
3.319,15.2
15.031269,299.07803
4.347,67.0
1.71,3.5
3.01,29.9
1.21,119.9
2.48,58.2
2.31,11.0
13.4508,349.613
10.8,794.5
12.89,136.66
13.361128,192.60498
9.98,327.35
10.962,79.45
12.21781,107.10871
13.78707,92.80636
12.11,403.63
12.498035,982.0947
12.554,1547.77
16.25,896.24
12.67,908.96
22.31,266.97
12.21781,311.79123
0.5,0.2
0.5,0.1
18.49,435.41
10.76,160.497
6.0834,19.4
2.5958,12.5
0.9408,17.6
6.204,16.0
2.37,5.4
9.057,1907.0
3.0,53.9
4.0,6.0
3.03,636.0
4.65,3.17
7.04,19.02
2.14,21.1
2.71,14.61
2.04,7.93
2.04,8.6
2.444,8.38
16.04,671.864
2.2,8.9
2.79,8.2
1.284,5.69692195
6.89,3.69
9.31,9.7
9.46,5.7
2.1,135.0
2.2,62.9
2.84,103.1
3.12,35.5
2.215,12.9
8.373123,308.2951
1.856,3.09
1.32,19.8
3.1,11.0
2.58,43.0
2.35,69.8
4.74139884,116.00736855
11.57887706,2129.4503269
6.51,236.2
10.89,235.5846474
2.19,115.0
1.55,9.1
2.66,34.9
2.86,53.0
3.708,17.4
1.009,3.3
14.616536,212.31044
1.6,3.7
2.049,3.84
1.99,4.16
1.31,9.0
0.54,4.0
1.95,14.0
1.61,36.0
1.41,35.0
6.11,120.0
12.77826,321.0083
1.444,2.4
2.61,26.6
1.587,4.14
2.35389,6.3566
0.979,1.3
18.180998,140.16303
10.76,200.22
11.77,3209.9
14.01125,635.66
10.76064,165.90726
1.16,8.0
3.338,12.5
3.553,9.5
7.16,6.0
2.9,3.4
15.479629,187.5197
2.67,6.93
2.507,3.49
1.3,3.7
1.33,2.97
1.05,0.065
2.8,17.2
2.7,4.3
3.95,51.0
5.34,13.9
2.71,42.1
2.33,11.4
2.13,24.6
1.95,40.0
2.06,20.2
8.08167508,298.75870258
1.778,1.84
1.978,2.15
1.2,0.6
13.49,324.2
6.14,6.4
7.7398145,43.987672
8.08,29.9
1.507,8.41466053
15.513,279.68
3.704,19.35002566
2.452,12.70107412
2.062,11.8666806
1.56926,4.54425706
3.51,10.84
3.115,10.22179722
2.373,12.96756068
1.48,3.51
1.87,2.07243356
1.48,6.15
1.63,4.07
0.8,1.01
1.35,2.42
1.58,2.31
1.43,6.65
1.282,1.81
1.242,2.33
0.696,0.35
0.982,1.4
1.088,1.58
4.7,30.8
2.438,7.1
1.032,0.9
1.32,13.2
1.367,25.3
1.305,2.87
1.147,1.54
1.325,2.46
2.42,6.29
4.72,29.32
9.976,257.431
16.8135,1175.971
17.14977,985.273
14.90797,258.07796
13.506845,687.14846
9.157753,109.33352
11.747032,66.10864
12.800678,1538.2972
4.976796,29.24036
12.32987877,238.68913366
14.57167491,211.99154747
13.89913607,242.82090295
13.56286665,129.99181846
17.878355,235.1942
11.99360935,947.12865286
14.90794433,750.07504052
14.20177855,194.82881349
13.60770257,165.27077164
11.46678726,203.09235207
14.88552637,92.80589484
15.64773706,188.47224535
16.58932,756.4354
10.40193409,305.11527072
18.38272835,1153.71711741
3.18,20.6
12.733424,72.78307
14.863134,425.57437
12.21781,295.5819
11.99363,921.707
14.011,197.046
12.072093,171.6282
12.453199,394.1092
13.22662,362.3262
16.47723,336.8998
15.244,327.351
15.277867,1048.839
18.091326,1379.3822
14.5717,2542.64
22.86636,635.66
6.18,169.0
10.0881,25426.4
10.548,734.16
12.800678,410.95419
17.295487,233.92288
14.056086,785.0401
12.285064,1369.8473
12.722215,1938.763
12.408363,1373.0256
11.903958,212.31044
19.0553,597.5204
14.403565,117.91493
11.309881,378.2177
14.01125,1906.98
12.666,3082.82
9.079,1207.7
7.22979255,147.15455244
11.25,942.0
12.520453,617.22586
13.29385111,1582.78546686
16.70138124,212.94503269
11.2089807,1951.46641898
6.21,19.2
12.18416202,1379.37528638
13.31626907,1017.0509024
11.5004142,4049.13390518
2.87,16.9
2.265,10.15
2.587,13.5
2.651,2.5
1.791,9.95
14.57167491,1064.72516345
3.66,19.8
16.81347105,308.29355479
9.02,51.42
1.9,31.0
2.76948277,7.6
4.62115423,12.3
2.5456702,24.0
3.73591482,32.0
2.53,12.2
9.19,27.4
2.5064654,32.0
3.03617429,10.0
16.1966394,377.0
2.40974309,6.8
8.71664516,120.0
10.5140239,75.96098927
2.415,6.28
2.91,1112.3994245
3.65,15.4
1.738,6.91
2.37611439,6.6
3.01,8.1
2.45109846,9.1
3.51,5.3
3.78,14.8
6.8084859,27.4
3.2710301,11.9
2.726,9.5
2.759,6.63
2.93,13.6
11.45557828,140.16232749
2.34,8.6
2.82,11.8
3.12,11.84
2.458,15.9
1.673,6.4
9.1,96.4
2.40144286,6.4
4.14,24.6
11.09689089,70.55790635
12.21778896,5879.8255295
2.66146528,10.6
5.24,42.0
10.12369881,63.9
15.69257298,451.31633794
13.79825524,94.71286529
9.42675277,113.14691289
3.42,22.4
15.647764,753.2571
7.661,11.3
1.8,11.1
1.67761121,9.0
6.2163865,45.8
16.81347105,537.13000783
2.22,7.6
3.10083009,12.5
1.19880592,2.0
1.62,3.48
11.89,25.1
3.93681551,12.1
16.70138124,991.62462984
2.43471042,10.4
4.2427861,38.5
2.30381001,30.0
1.397,3.87
2.749,19.5
1.13,1.258
2.61143902,15.2
1.672,4.82
1.173,2.32
2.224,2.95
1.6759955,9.0
1.28,3.21
2.064,6.64
2.18,7.32
2.47,7.24
4.15964583,16.5
11.99360935,279.68899816
14.067295,797.7533
15.24421375,1004.33776612
21.01683881,731.0053361
14.414774,375.0394
13.887951,314.6517
16.690201,387.7526
1.79,4.91
2.2963977,13.0
2.06,41.31769291
11.06326395,200.23189641
1.7,3.78
12.172974,251.40353
3.56505068,14.6
5.44,26.1
2.03,5.5
3.24,56.6
5.20315158,22.4
10.816685,1722.6386
3.29206019,10.4
5.05,26.78
3.05,11.9
2.36507598,9.7
1.39,57.0
2.12,14.0
2.52,15.0
2.77,14.5
2.47852533,16.6
3.5573684,6.9
3.06,6.8
8.04728896,96.0
1.21612741,1.4
1.152,1.5
1.669,4.77
2.572,3.01
2.207,3.86
2.287,7.72
2.87,3.94
16.14093221,222.4798849
3.29701268,8.7
2.38506569,6.5
1.39939037,5.6
1.42238884,4.0
2.079,5.738
1.37,2.57
6.9559,46.1687
11.14172682,308.9292116
12.778238,731.0053361
7.5406241,67.4
2.7438269,16.0
8.28055741,24.7
2.59987579,8.0
11.65733993,68.0152791
3.46,73.2
18.49481816,360.09958513
9.39553231,129.0
11.09689089,212.94503269
13.97759893,638.83509807
9.07927437,54.03082919
13.67495645,7024.0077947
2.7,11.0
8.14,81.7
11.298672,133.4886
11.81426566,408.7273314
3.39,16.4
2.268,9.2
5.33275337,34.4
12.52043144,1398.4449908
16.14093221,731.0053361
2.77062554,16.1
3.69441587,55.0
3.43087751,29.0
3.6831179,37.0
1.25,4.1
1.33,7.4
13.57407563,263.79757781
15.098497,1595.49860314
2.122,6.8
2.08874836,4.5
2.69,9.13
7.27,41.89
2.19,6.37
3.05,24.0
11.98240037,1671.77742082
14.35870428,899.45439181
16.28664896,292.40213444
10.76062147,260.61929374
11.29,200.0
7.69,30.0
11.32107051,875.61726129
11.39953337,206.58846455
19.83989584,298.75870258
3.51,26.0
3.03,13.8
11.32107051,310.83618205
11.1529358,203.41018048
14.36991326,502.16888306
1.74,19.5
16.47720163,278.09985612
9.97599282,50.85254512
10.08808263,508.5254512
11.2089807,1900.61387386
8.60849718,71.51139158
10.83908434,206.58846455
10.42435205,2955.8041851
6.81,56.64
11.72459381,1830.69162432
1.402,3.4
2.18,6.7
11.48920522,624.85064816
2.86,15.6
9.86390302,953.485221
15.02003414,294.62693329
10.36830715,105.83685953
1.52,2.68
2.363,4.8
9.60609646,124.90656395
2.83,13.31
12.1393261,766.60211768
11.14172682,1531.93292174
6.06,34.62
2.74,317.83
11.2089807,203.41018048
8.67575106,26.69758619
10.13291855,208.8132634
11.54525012,743.71847238
11.25381662,415.40172795
10.92875618,63.88350981
7.16253867,43.86032017
13.64132951,260.61929374
17.37392009,200.23189641
14.4595851,79.45710175
12.07207221,69.28659273
12.10569916,1112.3994245
1.71,4.23
18.10250383,122.6817651
19.72780603,193.87532827
2.77,8.8
1.206,1.58
2.355,6.15
2.133,4.78
13.72,228.0
17.26183028,139.84449908
18.11371281,309.88269682
15.27784069,225.65816897
12.84549188,117.59651059
1.42,4.53
1.88,3.72
13.15934334,533.95172376
13.4,638.0
16.43236571,197.05361234
7.16,68.2
11.39953337,211.35589065
3.82,30.3
4.94057819,40.4
3.2,57.2
15.55806521,176.07693748
12.97999965,721.47048389
12.80065596,1598.3590588
12.22899794,530.77343969
3.22,8.97
23.53885947,375.03752026
5.3,26.4
8.29464572,82.63538582
13.08088048,311.47183886
12.59889431,324.18497514
11.14172682,218.98377242
12.0,85.3
5.14,14.95
18.49481816,330.54154328
13.13692538,352.78953177
10.87271128,187.51876013
6.0,16.5
15.22179579,270.15414595
14.28024141,129.03833324
12.31866979,1233.17421916
12.27383387,55.61997123
7.9,44.0
3.02,11.0
5.93,20.31
6.18,38.15
1.32,2.08
2.08,6.57
13.04725353,232.01473711
1.362,13.71
2.328,9.72
12.28504285,731.0053361
13.57407563,457.67290608
13.30506009,136.66621501
16.11851425,365.50266805
13.67495645,788.21444936
2.68,7.17
5.09,14.1
1.28,3.07
3.29,9.9
16.81347105,143.02278315
15.10970598,304.1617855
16.69017226,353.74301699
11.2089807,95.3485221
2.52,5.4
13.26022417,252.35575516
11.09689089,1197.32317485
12.17,637.0
11.85910158,473.56432643
12.53,732.0
10.53644186,168.44905571
6.8,959.84178914
9.42,2946.26933289
11.67975789,4096.80816623
3.2,123.0
8.18255591,1229.99593509
12.44196858,734.18362017
2.85372018,20.8
11.09691,486.2799
8.7,86.7
12.87,227.0
8.54124329,88.99195396
1.166,1.42
6.25,32.7
10.76062147,642.01338214
3.2,16.0
6.6,32.0
11.98240037,921.7023803
1.54,3.57
11.88151954,1036.12060682
11.54525012,147.15455244
11.6,343.0
9.86,657.0
12.778238,743.71847238
11.9,170.4
9.30345398,127.1313628
13.19297028,1160.07368555
5.82,61.5
9.7,135.0
10.3,58.7
3.52,11.8
2.018,2.89
11.30986153,419.53349724
12.17295304,1147.36054927
12.22899794,1910.14872607
1.45,3.2
2.878,5.4
10.78,624.0
10.42,588.0
11.43318,464.98529
4.91,20.0
10.3,124.0
1.09,4.3
8.54,73.0
1.03,4.0
13.67495645,371.85923619
14.39233122,519.64944544
11.92,254.0
6.41,78.5
14.3474953,333.71982735
18.97680433,138.25535705
9.2362001,96.30200732
1.079,1.44
11.88154,2011.8639
11.29,331.0
19.851139,279.6904
10.98480109,235.19302118
2.27,4.45
2.26,3.65
1.92,5.2
5.09,61.0
2.6,9.8
5.25,23.6
13.11450742,392.20025424
11.43316031,114.41822652
1.992,5.72
2.5,10.5
8.33948164,79.77493016
2.28,9.79
2.63,9.32
1.798,5.0
2.047,6.9
15.4,878.0
2.734,19.1
1.93,9.67
2.94,7.6
2.62,23.5
2.926,18.467
1.704,4.53
2.587,9.6
9.71,116.0
3.64,41.8
14.06727078,349.6112477
11.99363,301.9385
13.125739,211.99261
3.186,16.137
4.81,826.358
4.793,37.0
9.550068,55.30242
2.765,9.1
1.086,0.85
1.056,1.38
0.772,0.41
0.92,0.692
1.045,0.68
1.127,1.34
0.773,0.331
12.3299,1906.98
11.96,238.998
13.372337,383.30298
14.975224,572.41183
20.602142,157.00802
13.383546,568.9157
9.72939525,203.41018048
5.15613112,76.27881768
6.43395492,98.52680617
8.23860081,368.68095212
14.57167491,3813.940884
16.970426,291.76794
12.3,1017.0
18.94,645.17
16.02887,162.0933
14.90794433,197.68926915
18.450014,467.2101
12.745,404.263
10.76064,572.094
11.43318,514.8846
10.626132,38.1396
11.09691,156.37236
13.87671811,162.09248757
15.793481,150.96925
15.008851,562.24127
13.67495645,203.41018048
11.444389,87.752863
16.14096,163.36462
15.6926,390.9309
21.2971,467.2101
16.510857,1541.4755
19.64934317,367.7274669
14.773462,285.72917
13.89916,190.698
10.76064,88.9924
14.694999,52.346601
10.42437,317.83
13.67498,114.4188
9.97601,390.9309
13.74221034,86.76715511
9.75183,130.3103
1.85,37.35
13.56289,368.6828
14.5717,603.877
15.46842,479.9233
12.21781,387.7526
8.9672,37.18611
13.89916,2412.3297
16.14096,775.5052
13.56289,854.9627
17.14977,266.9772
9.52765,139.8452
10.0881,282.8687
12.498035,87.40325
8.0704661,92.17023803
15.24421375,314.96795134
16.01,172.0
11.99363,2688.8418
12.66617,98.5273
17.37395,123.9537
10.76062147,198.96058278
13.45077684,276.8285425
5.71659,40.68224
11.937585,182.43442
11.99363,886.7457
15.46842,174.8065
13.652562,264.43456
12.21781,88.35674
12.811887,791.3967
11.209,1652.716
13.473218,594.3421
12.643752,676.9779
14.12334,209.13214
7.06167,32.10083
17.71022,2542.64
16.8135,133.4886
14.616536,178.30263
21.655788,151.60491
12.285064,508.528
10.98482,344.52772
17.5980997,149.37935129
13.45077684,1172.78682183
16.10730527,104.88337431
13.540472,314.6517
16.869545,271.74465
17.71022,161.45764
20.28829,527.5978
13.059,3314.83
13.89916,286.047
13.271456,95.03117
9.52765,47.03884
16.47723,159.55066
14.90797,181.1631
14.01125,311.4734
12.44196858,1341.23587754
18.38276,254.264
14.81827249,458.6263913
18.14733975,632.47852993
15.423584,370.27195
12.89035,317.83
13.78707,731.009
16.40994774,44.17814857
15.47960235,373.13054982
10.31226224,33.05415433
14.44837612,403.32424848
12.072093,275.24078
16.387558,98.84513
14.156967,93.75985
12.55408,177.9848
10.783,280.95
14.571,340.382
13.977623,190.06234
13.630144,324.1866
13.66374747,282.54945382
8.698184,77.55052
15.6926,629.3034
17.362741,155.41887
10.76064,835.8929
18.819911,1042.4824
13.67498,185.29489
14.79588,222.79883
14.359,731.932
13.00244,546.6676
12.21781,841.61384
14.930388,89.94589
15.031269,397.2875
13.204202,310.51991
12.106,158.908
10.424,565.714
12.778,282.539
13.002,320.041
14.684,667.733
12.86,374.0
3.567,14.2
1.808,6.77
18.71903,312.74472
13.428382,126.81417
13.125739,520.28771
13.069694,466.828704
14.24,146.2
12.038466,677.61356
17.71022,187.5197
14.90797,193.8763
12.24,181.473
11.76945,204.68252
16.02887,308.2951
8.68696004,274.28591524
13.67498,158.915
9.64,163.358
13.899,654.702
15.58051,180.52744
15.80469,117.5971
14.247,403.945
12.464,492.62
15.6926,746.9005
12.229,129.034
14.79588,343.2564
12.44199,92.1707
15.401166,311.4734
13.047,187.512
13.22662,441.7837
14.23543,491.396963
13.00244,597.20257
15.24424,228.8376
14.23543,341.03159
20.68056939,289.22385037
13.56289,559.3808
21.63337,352.7913
20.40038,267.93069
11.635,713.18
10.671,176.07
16.017661,231.69807
19.17,397.27
11.65736,95.349
10.72,220.0
1.95,15.2
13.89916,402.05495
15.524465,692.8694
19.0553,181.1631
11.65736,1843.414
18.27067,200.2329
11.54527,425.8922
16.376349,255.85315
17.900773,467.2101
19.28,143.653
13.78707,457.6752
13.4508,155.7367
12.67,419.52
12.823096,293.03926
12.3299,889.924
10.4,4386.054
10.468,6992.0
16.7,1274.44
15.277867,355.9696
11.5609626,188.15536
12.9934728,232.33373
1.24,2.53
2.043,6.27
13.271456,286.047
11.018447,179.89178
13.641,3747.06
14.91,565.71
12.206601,344.52772
23.20263,1398.452
15.35630356,225.65816897
13.78704626,7024.0077947
11.13051784,6356.56814
18.49485,2224.81
2.11,4.3
