Target (CTOI ID),Period (days),Epoch (BJD_TDB - 2457000),Depth (PPM),Duration (hours),Planet Radius / Stellar Radius,Disposition,Radius (R ⊕),Mass (R ⊕),Equilibrium Temperature (K),Semi-major Axis (AU)
102625324.01,9.17441 ± 0.233,1546.34 ± 0.0101,22286.1 ± 924.0,2.19922 ± 0.244,0.149,PC,17.5,377.0,989.0,0.0874
11799872.01,4.25844 ± 0.108,1843.09 ± 0.0473,6353.31 ± 143.0,6.53442 ± 1.13,0.0797,PC,14.7,366.0,1710.0,0.0563
270462117.01,3.9331 ± 0.0807,3017.03 ± 0.037,12583.0 ± 827.0,4.24958 ± 0.887,0.112,PC,22.0,491.0,1800.0,0.0531
300291839.01,18.5018 ± 1.39,1339.5 ± 0.0235,1000.64 ± 425.0,4.44044 ± 0.564,0.0316,PC,7.63,59.5,1150.0,0.143
35655828.02,1.22047 ± 0.00509,1544.32 ± 0.00548,603.518 ± 511.0,2.31171 ± 0.131,0.0246,PC,8.76,107.0,3820.0,0.0259
38850860.01,8.41204 ± 0.196,2043.05 ± 0.0209,27330.3 ± 1780.0,2.62429 ± 0.501,0.165,PC,20.9,454.0,1080.0,0.0838
55655482.01,3.95968 ± 0.0212,1843.85 ± 0.00749,10401.8 ± 549.0,3.3228 ± 0.18,0.102,PC,13.1,396.0,1370.0,0.0499
55727842.01,5.49128 ± 0.103,1519.42 ± 0.0587,10340.3 ± 1220.0,11.4543 ± 1.41,0.102,PC,3.31,14.5,428.0,0.0396
734505586.01,7.75613 ± 0.0433,2963.12 ± 0.0236,3402.15 ± 534.0,2.97478 ± 0.567,0.0583,PC,6.82,41.0,1100.0,0.0828
90083037.01,9.94145 ± 0.0687,1657.51 ± 0.0097,11548.9 ± 335.0,4.29041 ± 0.233,0.107,PC,24.4,593.0,1390.0,0.0953
176871438.01,15.1384 ± 0.0379,1336.68 ± 0.0576,9323.46 ± 412.0,8.34804 ± 1.38,0.0966,FP,27.1,733.0,1340.0,0.126
279322914.01,18.8681 ± 0.0,1337.64 ± 0.00251,33239.8 ± 1270.0,5.88095 ± 0.0604,0.182,FP,24.8,611.0,888.0,0.151
295440174.01,7.12829 ± 0.0,1547.81 ± 0.00533,11347.4 ± 421.0,5.63996 ± 0.128,0.107,FP,30.6,977.0,2400.0,0.0976
297701617.01,18.5557 ± 12.6,1651.21 ± 0.0233,45981.6 ± 213.0,1.536 ± 0.56,0.214,FP,50.0,3190.0,1200.0,0.154
342556321.01,4.82079 ± 0.998,3100.32 ± 0.0174,15370.3 ± 691.0,3.37585 ± 0.417,0.124,FP,29.4,887.0,null,null
35655828.01,8.07298 ± 0.181,1550.89 ± 0.00615,18676.6 ± 646.0,4.25785 ± 0.148,0.137,FP,48.7,3020.0,2040.0,0.0913
467113954.01,7.57084 ± 0.0338,1816.48 ± 0.021,53110.6 ± 1210.0,2.72278 ± 0.504,0.23,FP,31.2,1020.0,1140.0,0.0771
73248090.01,24.1064 ± 11.8,2960.89 ± 0.0638,33488.0 ± 2620.0,5.77916 ± 1.53,0.183,FP,34.5,1310.0,957.0,0.176
76903841.01,12.7512 ± 0.443,2260.59 ± 0.0219,5136.13 ± 666.0,3.36506 ± 0.524,0.0717,FP,145.0,6190.0,null,null
