Target (TIC ID),Declination (deg),Right Ascension (deg),Radius (R⊙),Mass (M⊙),Surface Gravity (log(g)),Effective Temperature (K)
11799872,55.7045,102.053,1.69,1.31,4.1,6450.0
11799874,55.7042,102.051,1.73,1.31,4.08,6450.0
300291839,-70.7215,110.372,2.21,1.13,3.8,6060.0
35655828,-45.2906,148.745,3.27,1.56,3.6,7060.0
35655828,-45.2906,148.745,3.27,1.56,3.6,7060.0
55655482,61.4923,101.315,1.18,1.06,4.32,5850.0
55727842,-30.9129,126.175,0.298,0.274,4.93,3240.0
734505586,-57.2908,88.885,1.07,1.26,4.48,6350.0
76903841,-45.3741,140.962,18.6,null,null,4840.0
