Target (CTOI ID),Period (days),Epoch (BJD_TDB - 2457000),Transit Depth (PPM),Transit Duration (hours),Disposition,Planet Radius / Stellar Radius,Radius (R⊕),Mass (M⊕),Mass Unc (M⊕),Equilibrium Temperature (K),Semi-major Axis (AU),Impact Parameter,Inclination (deg),Eccentricity,Argument of Periastron,Limb Darkening Coefficient 1,Limb Darkening Coefficient 2
102625324.01,9.17441 ± 0.233,1546.34 ± 0.0101,22286.1 ± 924.0,2.19922 ± 0.244,PC,0.149,17.5,392.0,"+768.0, -260.0",989.0,0.0874,1.5,85.1,0.626,6.47e-14,3.05e-07,1.0
11799872.01,4.25844 ± 0.108,1843.09 ± 0.0473,6353.31 ± 143.0,6.53442 ± 1.13,PC,0.0797,14.7,372.0,"+729.0, -247.0",1710.0,0.0563,0.888,82.9,0.242,241.0,0.714,0.469
176871438.01,15.1384 ± 0.0379,1336.68 ± 0.0576,9323.46 ± 412.0,8.34804 ± 1.38,PC,0.0966,27.1,846.0,"+1660.0, -560.0",1340.0,0.126,0.802,85.6,0.131,0.00237,0.898,4.98e-36
270462117.01,3.9331 ± 0.0807,3017.03 ± 0.037,12583.0 ± 827.0,4.24958 ± 0.887,PC,0.112,22.0,526.0,"+1030.0, -348.0",1800.0,0.0531,0.636,84.3,0.615,239.0,0.82,9.91e-08
279322914.01,18.8681 ± 0.0,1337.64 ± 0.00251,33239.8 ± 1270.0,5.88095 ± 0.0604,PC,0.182,24.8,677.0,"+1330.0, -448.0",888.0,0.151,0.84,88.1,9.73e-06,4.02,0.822,2.83e-05
295440174.01,7.12829 ± 0.0,1547.81 ± 0.00533,11347.4 ± 421.0,5.63996 ± 0.128,PC,0.107,30.6,1240.0,"+2420.0, -819.0",2400.0,0.0976,0.665,85.2,9.88e-06,28.3,0.629,4.38e-09
300291839.01,18.5018 ± 1.39,1339.5 ± 0.0235,1000.64 ± 425.0,4.44044 ± 0.564,PC,0.0316,7.63,54.8,"+107.0, -36.2",1150.0,0.143,1.25,84.8,0.8,318.0,0.484,1.0
342556321.01,4.82079 ± 0.998,3100.32 ± 0.0174,15370.3 ± 691.0,3.37585 ± 0.417,PC,0.124,29.4,1090.0,"+2120.0, -718.0",null,null,null,null,null,null,null,null
35655828.02,1.22047 ± 0.00509,1544.32 ± 0.00548,603.518 ± 511.0,2.31171 ± 0.131,PC,0.0246,8.76,89.9,"+176.0, -59.5",3820.0,0.0259,0.909,57.8,0.347,115.0,1.0,0.736
38850860.01,8.41204 ± 0.196,2043.05 ± 0.0209,27330.3 ± 1780.0,2.62429 ± 0.501,PC,0.165,20.9,482.0,"+944.0, -319.0",1080.0,0.0838,0.753,87.2,0.595,239.0,3.47e-10,1.08e-09
467113954.01,7.57084 ± 0.0338,1816.48 ± 0.021,53110.6 ± 1210.0,2.72278 ± 0.504,PC,0.23,31.2,1310.0,"+2570.0, -869.0",1140.0,0.0771,0.69,87.0,0.719,277.0,1.09e-11,2.85e-13
55655482.01,3.95968 ± 0.0212,1843.85 ± 0.00749,10401.8 ± 549.0,3.3228 ± 0.18,PC,0.102,13.1,458.0,"+896.0, -303.0",1370.0,0.0499,0.874,84.5,0.826,299.0,4.74e-12,2.85e-16
55727842.01,5.49128 ± 0.103,1519.42 ± 0.0587,10340.3 ± 1220.0,11.4543 ± 1.41,PC,0.102,3.31,19.0,"+37.3, -12.6",428.0,0.0396,0.51,89.0,0.9,273.0,1.0,0.0262
73248090.01,24.1064 ± 11.8,2960.89 ± 0.0638,33488.0 ± 2620.0,5.77916 ± 1.53,PC,0.183,34.5,1900.0,"+3720.0, -1260.0",957.0,0.176,1.5,86.1,0.795,206.0,6.2e-08,2.43e-08
734505586.01,7.75613 ± 0.0433,2963.12 ± 0.0236,3402.15 ± 534.0,2.97478 ± 0.567,PC,0.0583,6.82,42.2,"+82.6, -27.9",1100.0,0.0828,0.753,87.4,0.787,300.0,0.809,1.23e-08
90083037.01,9.94145 ± 0.0687,1657.51 ± 0.0097,11548.9 ± 335.0,4.29041 ± 0.233,PC,0.107,24.4,653.0,"+1280.0, -432.0",1390.0,0.0953,0.802,85.3,0.179,2.73e-06,0.976,3.3e-08
297701617.01,18.5557 ± 12.6,1651.21 ± 0.0233,45981.6 ± 213.0,1.536 ± 0.56,FP,0.214,50.0,11100.0,"+21700.0, -7320.0",1200.0,0.154,1.21,85.5,0.345,5.39e-05,1.0,5.38e-05
35655828.01,8.07298 ± 0.181,1550.89 ± 0.00615,18676.6 ± 646.0,4.25785 ± 0.148,FP,0.137,48.7,9590.0,"+18800.0, -6350.0",2040.0,0.0913,0.901,81.4,9.13e-06,246.0,0.124,0.388
76903841.01,12.7512 ± 0.443,2260.59 ± 0.0219,5136.13 ± 666.0,3.36506 ± 0.524,FP,0.0717,145.0,489000.0,"+957000.0, -324000.0",null,null,0.5,null,1e-10,90.0,0.1,0.3
