name,radius,mass,ExoRM,Forecaster,ExoRM res,Forecaster res,winner
PH2 b,0.97021,1.9399,2.0366,1.8043,-0.096704,0.13568,ExoRM
K2-3 b,0.31765,0.70842,0.9175,0.69634,-0.20908,0.012079,Forecaster
XO-1 b,1.1309,2.4627,2.5758,2.0771,-0.11313,0.38556,ExoRM
XO-3 b,1.1348,3.5737,2.5731,2.0838,1.0006,1.4899,ExoRM
XO-4 b,1.1735,2.7526,2.5137,4.5669,0.2389,-1.8144,ExoRM
XO-5 b,1.1065,2.5777,2.5926,2.0357,-0.014908,0.54202,ExoRM
XO-7 b,1.1863,2.3535,2.4925,4.5815,-0.13908,-2.228,ExoRM
GPX-1 b,1.2169,3.7967,2.4528,4.6162,1.3439,-0.81955,Forecaster
K2-18 b,0.41664,0.93601,1.0185,0.86442,-0.082507,0.071596,Forecaster
K2-19 b,0.88874,1.4548,1.7094,1.6659,-0.25459,-0.2111,Forecaster
K2-19 c,0.61278,1.0334,1.2912,1.1974,-0.25781,-0.164,Forecaster
K2-24 b,0.73239,1.2788,1.4773,1.4005,-0.19853,-0.12175,Forecaster
K2-24 c,0.89321,1.415,1.7161,1.6735,-0.30109,-0.25855,Forecaster
K2-25 b,0.53656,1.3892,1.1704,1.068,0.21877,0.32116,ExoRM
K2-27 b,0.65128,1.49,1.3523,1.2628,0.1377,0.22718,ExoRM
K2-29 b,1.1251,2.3655,2.5798,2.0673,-0.21428,0.29826,ExoRM
K2-30 b,1.0785,2.2723,2.554,1.9882,-0.2817,0.28412,ExoRM
K2-32 b,0.72419,1.1761,1.4651,1.3866,-0.28902,-0.21049,Forecaster
K2-34 b,1.1799,2.7477,2.5031,4.5742,0.24462,-1.8265,ExoRM
K2-38 b,0.18752,0.86332,0.55408,0.47542,0.30924,0.38791,ExoRM
K2-38 c,0.3962,0.86923,0.99766,0.82971,-0.12843,0.039521,Forecaster
K2-60 b,0.88399,2.1316,1.7024,1.6579,0.42923,0.47373,ExoRM
K2-97 b,1.1668,2.5436,2.5247,4.5594,0.018918,-2.0158,ExoRM
K2-99 b,1.1602,2.489,2.5357,4.5518,-0.046744,-2.0629,ExoRM
WTS-2 b,1.1841,2.5514,2.4962,4.579,0.055206,-2.0275,ExoRM
55 Cnc e,0.28103,0.90741,0.82311,0.63418,0.084305,0.27323,ExoRM
G 9-40 b,0.27875,0.60206,0.81655,0.63031,-0.21449,-0.028252,Forecaster
GJ 143 b,0.41664,1.356,1.0185,0.86442,0.33751,0.49161,ExoRM
GJ 357 b,0.085291,0.26482,0.25997,0.2933,0.0048439,-0.028482,ExoRM
GJ 367 b,-0.14388,-0.26281,-0.39931,-0.52808,0.13651,0.26528,ExoRM
GJ 436 b,0.62014,1.3444,1.3029,1.2099,0.041504,0.13448,ExoRM
GJ 486 b,0.11025,0.44248,0.33179,0.34423,0.11069,0.098247,Forecaster
GJ 806 b,0.12418,0.27875,0.37185,0.36787,-0.093096,-0.089121,Forecaster
GU Psc b,1.1516,3.5553,2.5498,2.1123,1.0055,1.443,ExoRM
Gaia-1 b,1.1391,2.7275,2.5701,2.091,0.15737,0.63647,ExoRM
Gaia-2 b,1.1708,2.4144,2.5181,4.5639,-0.10371,-2.1495,ExoRM
HATS-2 b,1.0996,2.6389,2.5974,2.0239,0.041471,0.61504,ExoRM
HATS-3 b,1.1898,2.5436,2.4868,4.5854,0.056795,-2.0418,ExoRM
HATS-4 b,1.0582,2.6237,2.4958,1.9536,0.1279,0.67015,ExoRM
HATS-5 b,1.0096,1.8788,2.2522,1.8711,-0.37341,0.0076993,Forecaster
HATS-6 b,1.0487,2.006,2.4665,1.9375,-0.46056,0.068469,Forecaster
HATS-7 b,0.80008,1.5814,1.5778,1.5154,0.0035967,0.065968,ExoRM
HATS-9 b,1.1186,2.4139,2.5843,2.0563,-0.17038,0.35762,ExoRM
HR 858 d,0.30125,0.85126,0.88126,0.6685,-0.030001,0.18276,ExoRM
K2-110 b,0.41363,1.2014,1.0155,0.85931,0.18595,0.34208,ExoRM
K2-111 b,0.26007,0.72346,0.7628,0.59859,-0.039345,0.12486,ExoRM
K2-114 b,1.0236,2.7694,2.3292,1.8949,0.44019,0.87443,ExoRM
K2-115 b,1.0968,2.4265,2.5993,2.0193,-0.17284,0.40722,ExoRM
K2-131 b,0.22789,0.89763,0.67021,0.54395,0.22742,0.35368,ExoRM
K2-132 b,1.0866,2.1968,2.577,2.0019,-0.38019,0.19494,Forecaster
K2-136 c,0.47712,1.2577,1.0802,0.9671,0.17744,0.29058,ExoRM
K2-138 c,0.36154,0.80003,0.96229,0.77086,-0.16226,0.029165,Forecaster
K2-138 d,0.3784,0.89873,0.97949,0.79949,-0.080768,0.099238,ExoRM
K2-138 e,0.5302,1.1129,1.1603,1.0572,-0.047381,0.055725,ExoRM
K2-139 b,0.95698,2.0899,1.9642,1.7818,0.12574,0.30811,ExoRM
K2-140 b,1.089,2.5104,2.5838,2.0059,-0.073433,0.50446,ExoRM
K2-141 b,0.17898,0.69636,0.5295,0.46091,0.16686,0.23544,ExoRM
K2-146 b,0.35218,0.74819,0.95274,0.75498,-0.20455,-0.0067908,Forecaster
K2-146 c,0.34044,0.87448,0.94076,0.73505,-0.066281,0.13943,ExoRM
K2-157 b,-0.029188,0.056905,-0.069371,-0.11702,0.12628,0.17392,ExoRM
K2-167 b,0.36173,0.81291,0.96248,0.77118,-0.14957,0.041729,Forecaster
K2-180 b,0.3506,1.0585,0.95112,0.75229,0.10737,0.30621,ExoRM
K2-199 c,0.45484,1.0934,1.0575,0.92928,0.035919,0.16414,ExoRM
K2-216 b,0.24304,0.90309,0.7138,0.56967,0.18929,0.33342,ExoRM
K2-222 b,0.37107,0.93952,0.97201,0.78704,-0.032494,0.15248,ExoRM
K2-229 b,0.065953,0.4133,0.20434,0.22399,0.20896,0.18931,Forecaster
K2-232 b,1.0496,2.1021,2.4713,1.939,-0.36923,0.16308,Forecaster
K2-237 b,1.2671,2.7063,2.4644,4.6732,0.24196,-1.9668,ExoRM
K2-260 b,1.2652,2.7377,2.4605,4.6711,0.27723,-1.9333,ExoRM
K2-261 b,0.97899,1.7764,2.0847,1.8192,-0.30835,-0.042809,Forecaster
K2-263 b,0.38202,1.1732,0.98319,0.80563,0.19,0.36755,ExoRM
K2-265 b,0.233,0.81558,0.68491,0.55262,0.13067,0.26295,ExoRM
K2-280 b,0.87506,1.5694,1.6891,1.6427,-0.11975,-0.073345,Forecaster
K2-285 b,0.4133,0.98588,1.0151,0.85874,-0.029233,0.12713,ExoRM
K2-285 c,0.54777,1.1953,1.1882,1.0871,0.0071654,0.10829,ExoRM
K2-287 b,0.97745,2.0005,2.0763,1.8166,-0.075793,0.18395,ExoRM
K2-290 c,1.0522,2.3909,2.4787,1.9434,-0.087786,0.44753,ExoRM
K2-291 b,0.20112,0.81224,0.59321,0.49851,0.21903,0.31373,ExoRM
K2-292 b,0.41996,1.3892,1.0219,0.87004,0.36727,0.51912,ExoRM
K2-295 b,1.0024,2.0272,2.2127,1.8588,-0.1855,0.1684,Forecaster
K2-329 b,0.93831,1.9172,1.8619,1.7501,0.055268,0.16707,ExoRM
KELT-3 b,1.1799,2.6695,2.5031,4.5742,0.16642,-1.9047,ExoRM
KELT-6 b,1.1214,2.1492,2.5823,2.061,-0.43311,0.088185,Forecaster
KELT-7 b,1.2351,2.6094,2.4319,4.6369,0.17748,-2.0275,ExoRM
KELT-8 b,1.3191,2.4357,2.5732,4.7322,-0.13752,-2.2965,ExoRM
KELT-9 b,1.3263,2.9616,2.5882,4.7404,0.37337,-1.7788,ExoRM
KOI-13 b,1.2291,3.4697,2.4388,4.6301,1.031,-1.1604,ExoRM
KOI-94 d,1.0133,1.9009,2.2727,1.8774,-0.37174,0.023502,Forecaster
NGTS-2 b,1.2523,2.3714,2.4336,4.6564,-0.062127,-2.285,ExoRM
NGTS-4 b,0.50243,1.3139,1.1163,1.0101,0.19757,0.3038,ExoRM
NGTS-5 b,1.1049,1.862,2.5937,2.033,-0.73169,-0.17098,Forecaster
NGTS-6 b,1.1721,2.629,2.516,4.5654,0.11302,-1.9364,ExoRM
NGTS-8 b,1.087,2.4707,2.5781,2.0025,-0.10745,0.46814,ExoRM
NGTS-9 b,1.079,2.9646,2.5552,1.9889,0.40942,0.97571,ExoRM
PDS 70 b,1.4841,2.9793,2.9185,4.9196,0.060811,-1.9402,ExoRM
TrES-1 b,1.0777,2.3784,2.5517,1.9868,-0.1733,0.39158,ExoRM
TrES-2 b,1.1262,2.5835,2.579,2.0691,0.0044954,0.51443,ExoRM
TrES-3 b,1.1618,2.7855,2.5329,4.5537,0.25256,-1.7682,ExoRM
TrES-4 b,1.2564,2.3943,2.4421,4.6611,-0.047768,-2.2668,ExoRM
TrES-5 b,1.1266,2.755,2.5788,2.0697,0.17625,0.68532,ExoRM
WASP-1 b,1.2297,2.465,2.4381,4.6308,0.02692,-2.1657,ExoRM
WASP-2 b,1.0818,2.4397,2.5633,1.9937,-0.12354,0.44602,ExoRM
WASP-3 b,1.1957,2.7989,2.477,4.5922,0.32184,-1.7933,ExoRM
WASP-4 b,1.177,2.5991,2.5079,4.5709,0.09122,-1.9718,ExoRM
WASP-5 b,1.1196,2.705,2.5836,2.0579,0.12135,0.64705,ExoRM
WASP-6 b,1.1395,2.1879,2.5699,2.0916,-0.38195,0.096303,Forecaster
WASP-7 b,1.011,2.4845,2.26,1.8735,0.22447,0.61097,ExoRM
WASP-8 b,1.1026,2.907,2.5953,2.0291,0.31172,0.87792,ExoRM
XO-2 N b,1.0426,2.2752,2.4329,1.9271,-0.15769,0.34815,ExoRM
pi Men c,0.32428,0.63347,0.92427,0.70761,-0.2908,-0.074142,Forecaster
CoRoT-1 b,1.2227,2.515,2.4461,4.6228,0.068911,-2.1078,ExoRM
CoRoT-2 b,1.2154,3.022,2.4545,4.6145,0.56754,-1.5925,ExoRM
CoRoT-4 b,1.1252,2.3595,2.5798,2.0673,-0.22026,0.29219,ExoRM
CoRoT-5 b,1.192,2.1816,2.4832,4.5879,-0.30154,-2.4063,ExoRM
CoRoT-6 b,1.1163,2.972,2.5859,2.0522,0.38611,0.91978,ExoRM
CoRoT-7 b,0.20003,0.75891,0.59007,0.49665,0.16885,0.26226,ExoRM
CoRoT-8 b,0.84126,1.8407,1.6389,1.5853,0.20172,0.25532,ExoRM
CoRoT-9 b,1.0653,2.4192,2.5163,1.9658,-0.097168,0.45339,ExoRM
GJ 1132 b,0.053078,0.22011,0.1673,0.17784,0.052805,0.042264,Forecaster
GJ 1214 b,0.42781,0.81624,1.0299,0.88338,-0.21367,-0.067138,Forecaster
GJ 1252 b,0.07664,0.12057,0.23509,0.2623,-0.11451,-0.14172,ExoRM
GJ 3090 b,0.32838,0.52375,0.92845,0.71457,-0.40471,-0.19082,Forecaster
GJ 3470 b,0.58883,1.0997,1.2533,1.1568,-0.15358,-0.05708,Forecaster
GJ 3473 b,0.10175,0.26951,0.30732,0.32979,-0.037805,-0.060278,ExoRM
GJ 9827 b,0.19866,0.56703,0.58612,0.49432,-0.019092,0.072702,ExoRM
GJ 9827 c,0.053078,0.26951,0.1673,0.17784,0.10221,0.091669,Forecaster
GJ 9827 d,0.30578,0.60638,0.8943,0.6762,-0.28792,-0.069818,Forecaster
HAT-P-1 b,1.1377,2.2215,2.5711,2.0886,-0.3496,0.13288,Forecaster
HAT-P-2 b,1.1129,3.4607,2.5882,2.0465,0.87251,1.4142,ExoRM
HAT-P-3 b,0.96708,2.2738,2.0195,1.7989,0.25427,0.47482,ExoRM
HAT-P-4 b,1.1547,2.3289,2.5447,2.1175,-0.21578,0.21136,Forecaster
HAT-P-5 b,1.1479,2.5275,2.556,2.1059,-0.028522,0.42162,ExoRM
HAT-P-6 b,1.1941,2.5287,2.4796,4.5904,0.049175,-2.0617,ExoRM
HAT-P-7 b,1.1773,2.7516,2.5073,4.5713,0.24429,-1.8197,ExoRM
HAT-P-8 b,1.2257,2.6338,2.4427,4.6262,0.19108,-1.9924,ExoRM
HAT-P-9 b,1.1956,2.3943,2.4771,4.5921,-0.082828,-2.1978,ExoRM
HATS-10 b,1.0359,2.2232,2.3964,1.9158,-0.17322,0.30741,ExoRM
HATS-11 b,1.2285,2.4316,2.4394,4.6294,-0.007819,-2.1978,ExoRM
HATS-12 b,1.1907,2.8806,2.4852,4.5865,0.39536,-1.7059,ExoRM
HATS-13 b,1.1331,2.2745,2.5743,2.0808,-0.29979,0.19375,Forecaster
HATS-14 b,1.0662,2.5312,2.5187,1.9672,0.012442,0.56397,ExoRM
HATS-15 b,1.0929,2.8387,2.5951,2.0126,0.24358,0.82604,ExoRM
HATS-17 b,0.93999,2.6287,1.8711,1.753,0.75755,0.8757,ExoRM
HATS-18 b,1.1731,2.7988,2.5143,4.5665,0.28441,-1.7678,ExoRM
HATS-22 b,1.0287,2.9399,2.3568,1.9035,0.58315,1.0364,ExoRM
HATS-24 b,1.1941,2.8563,2.4796,4.5904,0.37675,-1.7341,ExoRM
HATS-25 b,1.1499,2.2897,2.5526,2.1094,-0.26294,0.18025,Forecaster
HATS-26 b,1.2926,2.3151,2.5178,4.7022,-0.20271,-2.3871,ExoRM
HATS-28 b,1.1266,2.3296,2.5788,2.0697,-0.24923,0.25983,ExoRM
HATS-29 b,1.1468,2.3171,2.5577,2.1041,-0.24063,0.21299,Forecaster
HATS-30 b,1.1196,2.351,2.5836,2.0579,-0.2326,0.2931,ExoRM
HATS-31 b,1.2644,2.4467,2.4588,4.6702,-0.012154,-2.2235,ExoRM
HATS-33 b,1.1395,2.5785,2.5699,2.0916,0.0085808,0.48684,ExoRM
HATS-35 b,1.2151,2.5893,2.4548,4.6142,0.13446,-2.0249,ExoRM
HATS-36 b,1.1412,3.0095,2.567,2.0946,0.44253,0.91489,ExoRM
HATS-38 b,0.83774,1.3714,1.6337,1.5793,-0.26227,-0.20792,Forecaster
HATS-39 b,1.2455,2.3015,2.4201,4.6487,-0.11853,-2.3471,ExoRM
HATS-40 b,1.2482,2.7036,2.425,4.6518,0.27862,-1.9482,ExoRM
HATS-43 b,1.1214,1.9188,2.5823,2.061,-0.6635,-0.1422,Forecaster
HATS-45 b,1.1588,2.3473,2.5379,4.5503,-0.19065,-2.203,ExoRM
HATS-47 b,1.0976,2.0692,2.5988,2.0206,-0.52956,0.048644,Forecaster
HATS-49 b,0.93323,2.05,1.8341,1.7415,0.21589,0.3085,ExoRM
HATS-52 b,1.1901,2.8524,2.4863,4.5858,0.36617,-1.7333,ExoRM
HATS-53 b,1.1767,2.2767,2.5084,4.5706,-0.23171,-2.2939,ExoRM
HATS-54 b,1.056,2.379,2.4898,1.95,-0.11077,0.42902,ExoRM
HATS-55 b,1.1468,2.4665,2.5577,2.1041,-0.091287,0.36234,ExoRM
HATS-56 b,1.2769,2.2818,2.485,4.6844,-0.20325,-2.4026,ExoRM
HATS-57 b,1.1061,3.0001,2.5929,2.035,0.40716,0.96513,ExoRM
HATS-59 b,1.1011,2.4085,2.5964,2.0265,-0.18784,0.38204,ExoRM
HATS-60 b,1.1114,2.3231,2.5893,2.044,-0.26622,0.27909,ExoRM
HATS-61 b,1.1269,3.0337,2.5785,2.0703,0.45513,0.96333,ExoRM
HATS-63 b,1.1313,2.4845,2.5755,2.0777,-0.091083,0.40675,ExoRM
HATS-64 b,1.2746,2.4845,2.4802,4.6817,0.0042812,-2.1973,ExoRM
HATS-65 b,1.2259,2.4165,2.4424,4.6265,-0.025866,-2.21,ExoRM
HATS-66 b,1.1991,3.2289,2.4731,4.596,0.75579,-1.3671,ExoRM
HATS-67 b,1.2762,2.6636,2.4834,4.6835,0.18014,-2.0199,ExoRM
HATS-68 b,1.1402,2.6128,2.5687,2.0928,0.04406,0.51995,ExoRM
HATS-70 b,1.1907,3.6128,2.4852,4.5865,1.1275,-0.97371,Forecaster
HATS-72 b,0.90834,1.6005,1.7385,1.6992,-0.13805,-0.098734,Forecaster
HATS-75 b,0.99602,2.1933,2.178,1.8481,0.015271,0.3452,ExoRM
HATS-76 b,1.0826,2.922,2.5656,1.9951,0.35643,0.92693,ExoRM
HATS-77 b,1.1159,2.6402,2.5862,2.0516,0.054012,0.58858,ExoRM
HD 1397 b,1.0594,2.0669,2.4995,1.9558,-0.43263,0.1111,Forecaster
HD 2685 b,1.2079,2.5704,2.463,4.606,0.10736,-2.0357,ExoRM
HD 3167 b,0.21112,0.74741,0.62197,0.51548,0.12544,0.23193,ExoRM
HD 3167 c,0.46583,1.0282,1.0687,0.94793,-0.040547,0.080238,ExoRM
HD 5278 b,0.38917,0.89209,0.99048,0.81777,-0.098387,0.074325,Forecaster
KELT-10 b,1.1954,2.3341,2.4775,4.5918,-0.14343,-2.2577,ExoRM
KELT-11 b,1.1799,1.7352,2.5031,4.5742,-0.76789,-2.839,ExoRM
KELT-12 b,1.3,2.4799,2.5333,4.7105,-0.05334,-2.2306,ExoRM
KELT-14 b,1.2909,2.6108,2.5142,4.7002,0.096586,-2.0894,ExoRM
KELT-15 b,1.2901,2.6195,2.5126,4.6993,0.10686,-2.0799,ExoRM
KELT-16 b,1.2003,2.9415,2.4717,4.5974,0.4698,-1.6559,ExoRM
KELT-17 b,1.2328,2.6195,2.4345,4.6343,0.18495,-2.0149,ExoRM
KELT-18 b,1.2455,2.5741,2.4201,4.6487,0.15401,-2.0746,ExoRM
KELT-24 b,1.1042,3.164,2.5943,2.0317,0.56975,1.1323,ExoRM
KOI-142 b,0.53631,0.97772,1.17,1.0676,-0.19228,-0.089859,Forecaster
KOI-351 h,1.0512,2.3725,2.4761,1.9418,-0.1036,0.43063,ExoRM
L 168-9 b,0.21219,0.60959,0.62504,0.5173,-0.01545,0.092298,ExoRM
L 98-59 b,-0.070581,-0.39794,-0.18845,-0.26538,-0.20949,-0.13256,Forecaster
L 98-59 c,0.13033,0.38382,0.38956,0.37833,-0.0057434,0.0054898,Forecaster
L 98-59 d,0.19866,0.36361,0.58612,0.49432,-0.22251,-0.13071,Forecaster
NGTS-10 b,1.1306,2.8371,2.576,2.0765,0.261,0.76056,ExoRM
NGTS-12 b,1.0699,1.8203,2.5294,1.9736,-0.70916,-0.1533,Forecaster
NGTS-13 b,1.1072,3.187,2.5921,2.0369,0.5949,1.1501,ExoRM
NGTS-15 b,1.091,2.3778,2.5894,2.0093,-0.21161,0.36856,ExoRM
NGTS-20 b,1.0789,2.9764,2.5552,1.9889,0.42124,0.98753,ExoRM
NGTS-21 b,1.1734,2.8751,2.5138,4.5669,0.36131,-1.6918,ExoRM
NGTS-23 b,1.1523,2.2897,2.5486,2.1135,-0.25897,0.17617,Forecaster
NGTS-24 b,1.1338,2.2182,2.5738,2.082,-0.35562,0.13622,Forecaster
NGTS-25 b,1.0594,2.3077,2.4995,1.9558,-0.1918,0.35194,ExoRM
NGTS-26 b,1.1728,1.9676,2.5149,4.5661,-0.5473,-2.5986,ExoRM
NGTS-27 b,1.1945,2.2752,2.479,4.5908,-0.20379,-2.3155,ExoRM
NGTS-30 b,1.0171,2.4845,2.2936,1.8839,0.19091,0.60057,ExoRM
NGTS-33 b,1.2644,3.0621,2.4588,4.6702,0.60327,-1.6081,ExoRM
Qatar-1 b,1.1214,2.6231,2.5823,2.061,0.040766,0.56206,ExoRM
Qatar-2 b,1.1479,2.8991,2.556,2.1059,0.34305,0.7932,ExoRM
Qatar-4 b,1.1046,3.2875,2.594,2.0324,0.69354,1.2552,ExoRM
Qatar-5 b,1.0937,3.1377,2.5973,2.0139,0.54037,1.1237,ExoRM
Qatar-6 b,1.0757,2.327,2.5459,1.9833,-0.2189,0.34362,ExoRM
Qatar-7 b,1.28,2.7764,2.4915,4.6879,0.28487,-1.9115,ExoRM
Qatar-8 b,1.1585,2.0716,2.5385,4.5499,-0.46693,-2.4783,ExoRM
Qatar-9 b,1.0535,2.5777,2.4824,1.9456,0.095329,0.63214,ExoRM
TOI-125 b,0.43553,0.97772,1.0378,0.89648,-0.060065,0.081245,ExoRM
TOI-125 c,0.44075,0.82151,1.0431,0.90535,-0.22161,-0.083837,Forecaster
TOI-125 d,0.46687,1.1335,1.0698,0.94969,0.063767,0.18385,ExoRM
TOI-132 b,0.53403,1.3502,1.1664,1.0637,0.18386,0.28654,ExoRM
TOI-157 b,1.1588,2.5741,2.5379,4.5503,0.036138,-1.9762,ExoRM
TOI-163 b,1.2225,2.5886,2.4464,4.6225,0.14216,-2.034,ExoRM
TOI-169 b,1.0854,2.4004,2.5736,1.9998,-0.1732,0.40055,ExoRM
TOI-172 b,1.0341,3.2362,2.3866,1.9127,0.84964,1.3235,ExoRM
TOI-178 c,0.22246,0.67852,0.65459,0.53473,0.023932,0.14379,ExoRM
TOI-178 f,0.35927,0.88762,0.95997,0.76701,-0.072353,0.12061,ExoRM
TOI-181 b,0.84235,1.6643,1.6406,1.5872,0.023791,0.07716,ExoRM
TOI-199 b,0.95805,1.7326,1.97,1.7836,-0.2374,-0.050977,Forecaster
TOI-201 b,1.053,2.1254,2.4812,1.9449,-0.35574,0.18058,Forecaster
TOI-220 b,0.48144,1.1399,1.0846,0.97444,0.055234,0.16544,ExoRM
TOI-238 b,0.14675,0.53148,0.43678,0.40619,0.094698,0.12529,ExoRM
TOI-238 c,0.33846,0.82607,0.93873,0.73167,-0.11266,0.0944,Forecaster
TOI-244 b,0.18184,0.42813,0.53775,0.46578,-0.10961,-0.037644,Forecaster
TOI-257 b,0.85507,1.6421,1.6594,1.6088,-0.017362,0.033299,ExoRM
TOI-269 b,0.44248,0.94448,1.0449,0.90828,-0.1004,0.036198,Forecaster
TOI-270 b,0.081347,0.19866,0.24863,0.27917,-0.049972,-0.080509,ExoRM
TOI-270 c,0.37199,0.78888,0.97296,0.78861,-0.18408,0.00026576,Forecaster
TOI-270 d,0.32899,0.67943,0.92908,0.7156,-0.24965,-0.036176,Forecaster
TOI-286 b,0.15229,0.6561,0.45272,0.4156,0.20338,0.2405,ExoRM
TOI-329 b,0.69378,1.6064,1.4196,1.3349,0.18676,0.27144,ExoRM
TOI-332 b,0.50515,1.7574,1.1206,1.0147,0.63678,0.74271,ExoRM
TOI-406 c,0.12057,0.31806,0.36148,0.36176,-0.043417,-0.043692,ExoRM
TOI-421 b,0.42813,0.85552,1.0302,0.88393,-0.17473,-0.028411,Forecaster
TOI-421 c,0.70672,1.1492,1.4392,1.3569,-0.28994,-0.20769,Forecaster
TOI-431 b,0.10721,0.48714,0.32303,0.33907,0.1641,0.14807,Forecaster
TOI-431 d,0.5172,0.99564,1.1397,1.0351,-0.14407,-0.039502,Forecaster
TOI-480 b,0.45541,1.3181,1.0581,0.93024,0.25998,0.38782,ExoRM
TOI-481 b,1.0452,2.6869,2.4474,1.9316,0.23949,0.7553,ExoRM
TOI-500 b,0.066699,0.15229,0.20649,0.22666,-0.054198,-0.074373,ExoRM
TOI-512 b,0.18752,0.55267,0.55408,0.47542,-0.0014117,0.077251,ExoRM
TOI-519 b,1.0624,2.1678,2.5079,1.9608,-0.34017,0.20699,Forecaster
TOI-532 b,0.76492,1.7889,1.5256,1.4557,0.26329,0.33315,ExoRM
TOI-544 b,0.30492,0.4609,0.89183,0.67474,-0.43093,-0.21384,Forecaster
TOI-558 b,1.0854,3.0597,2.5736,1.9998,0.48613,1.0599,ExoRM
TOI-559 b,1.0874,3.2811,2.5793,2.0032,0.7018,1.2779,ExoRM
TOI-561 b,0.15381,0.30103,0.45711,0.41819,-0.15608,-0.11716,Forecaster
TOI-561 c,0.45909,0.73239,1.0618,0.93649,-0.32944,-0.20409,Forecaster
TOI-615 b,1.2782,2.1407,2.4877,4.6858,-0.34705,-2.5452,ExoRM
TOI-622 b,0.96549,1.9836,2.0108,1.7963,-0.02717,0.18738,ExoRM
TOI-628 b,1.0749,3.3036,2.5435,1.982,0.76006,1.3216,ExoRM
TOI-640 b,1.2978,2.4467,2.5287,4.708,-0.081975,-2.2614,ExoRM
TOI-663 b,0.35603,0.64836,0.95666,0.7615,-0.3083,-0.11314,Forecaster
TOI-669 b,0.41497,0.99123,1.0168,0.86158,-0.02559,0.12964,ExoRM
TOI-674 b,0.72016,1.3729,1.4591,1.3797,-0.086204,-0.0068152,Forecaster
TOI-677 b,1.1178,2.5935,2.5849,2.0548,0.0086244,0.53875,ExoRM
TOI-733 b,0.29929,0.7574,0.87563,0.66518,-0.11823,0.092219,Forecaster
TOI-757 b,0.39794,1.0212,0.99943,0.83267,0.021755,0.18852,ExoRM
TOI-763 b,0.35793,0.99078,0.95861,0.76475,0.032171,0.22604,ExoRM
TOI-763 c,0.41996,0.96942,1.0219,0.87004,-0.052485,0.099372,ExoRM
TOI-771 b,0.13354,0.3927,0.39878,0.38377,-0.0060827,0.0089297,ExoRM
TOI-776 b,0.26717,0.60206,0.78323,0.61065,-0.18117,-0.0085881,Forecaster
TOI-778 b,1.1875,2.9435,2.4905,4.5829,0.453,-1.6394,ExoRM
TOI-784 b,0.28556,0.98543,0.83612,0.64186,0.1493,0.34356,ExoRM
TOI-815 b,0.46835,0.88081,1.0713,0.9522,-0.19047,-0.071389,Forecaster
TOI-815 c,0.4183,1.3711,1.0202,0.86723,0.35086,0.50383,ExoRM
TOI-824 b,0.46627,1.2664,1.0692,0.94868,0.19723,0.31771,ExoRM
TOI-836 b,0.23147,0.6561,0.68052,0.55003,-0.024418,0.10606,ExoRM
TOI-837 b,0.98722,2.0645,2.1298,1.8331,-0.065349,0.23132,ExoRM
TOI-849 b,0.53706,1.5921,1.1712,1.0689,0.42086,0.5232,ExoRM
TOI-892 b,1.0789,2.4799,2.5552,1.9889,-0.075256,0.49104,ExoRM
TOI-905 b,1.1181,2.3263,2.5846,2.0554,-0.25831,0.27093,ExoRM
TOI-954 b,0.98001,1.7427,2.0903,1.8209,-0.34756,-0.07815,Forecaster
TOI-969 b,0.4417,0.95904,1.0441,0.90695,-0.085043,0.052089,Forecaster
WASP-10 b,1.0777,3.0087,2.5517,1.9868,0.45701,1.0219,ExoRM
WASP-11 b,1.0452,2.2281,2.4474,1.9316,-0.21929,0.29652,ExoRM
WASP-12 b,1.3283,2.6695,2.5925,4.7427,0.076979,-2.0732,ExoRM
WASP-13 b,1.1979,2.2012,2.4745,4.5946,-0.27338,-2.3935,ExoRM
WASP-14 b,1.1363,3.3921,2.5721,2.0862,0.81996,1.3058,ExoRM
WASP-15 b,1.1891,2.2433,2.4878,4.5847,-0.24449,-2.3414,ExoRM
WASP-16 b,1.1359,2.5956,2.5723,2.0856,0.023279,0.51,ExoRM
WASP-17 b,1.3356,2.1807,2.6077,4.7509,-0.42699,-2.5702,ExoRM
WASP-18 b,1.1133,3.5146,2.588,2.0472,0.92664,1.4675,ExoRM
WASP-19 b,1.1882,2.5685,2.4894,4.5836,0.079126,-2.0151,ExoRM
WASP-20 b,1.2145,1.9949,2.4555,4.6135,-0.46054,-2.6186,ExoRM
WASP-21 b,1.079,1.975,2.5552,1.9889,-0.58022,-0.013929,Forecaster
WASP-22 b,1.0988,2.2504,2.598,2.0226,-0.34759,0.22783,Forecaster
WASP-23 b,1.0327,2.4462,2.3792,1.9104,0.067031,0.53576,ExoRM
WASP-24 b,1.1645,2.5471,2.5285,4.5568,0.018612,-2.0096,ExoRM
WASP-25 b,1.1454,2.2789,2.56,2.1018,-0.28114,0.17714,Forecaster
WASP-26 b,1.1345,2.5108,2.5733,2.0832,-0.062527,0.4276,ExoRM
WASP-28 b,1.1334,2.4593,2.5741,2.0814,-0.11474,0.37795,ExoRM
WASP-29 b,0.93943,1.8896,1.868,1.752,0.021546,0.13758,ExoRM
WASP-31 b,1.2362,2.1816,2.4306,4.6382,-0.249,-2.4566,ExoRM
WASP-32 b,1.1215,3.0585,2.5823,2.0611,0.47616,0.99742,ExoRM
WASP-33 b,1.2518,2.823,2.4324,4.6558,0.39055,-1.8329,ExoRM
WASP-34 b,1.1359,2.273,2.5723,2.0856,-0.29931,0.18741,Forecaster
WASP-35 b,1.1701,2.3595,2.5192,4.5632,-0.1597,-2.2037,ExoRM
WASP-36 b,1.1571,2.8632,2.5407,4.5484,0.32243,-1.6852,ExoRM
WASP-37 b,1.114,2.7574,2.5875,2.0484,0.16998,0.70904,ExoRM
WASP-38 b,1.087,2.9251,2.5781,2.0025,0.34698,0.92258,ExoRM
WASP-39 b,1.1741,1.954,2.5127,4.5676,-0.55874,-2.6136,ExoRM
WASP-41 b,1.1207,2.4921,2.5828,2.0598,-0.090751,0.43231,ExoRM
WASP-42 b,1.083,2.2011,2.5667,1.9958,-0.36559,0.20539,Forecaster
WASP-43 b,1.018,2.7526,2.2986,1.8855,0.454,0.86714,ExoRM
WASP-44 b,1.091,2.4417,2.5894,2.0093,-0.14774,0.43244,ExoRM
WASP-45 b,1.0461,2.5031,2.4522,1.9331,0.050861,0.56999,ExoRM
WASP-46 b,1.1668,2.8246,2.5247,4.5594,0.29994,-1.7348,ExoRM
WASP-47 b,1.1092,2.5729,2.5908,2.0403,-0.017887,0.53256,ExoRM
WASP-47 d,0.5523,1.1523,1.1954,1.0947,-0.043071,0.057546,ExoRM
WASP-47 e,0.2572,0.83059,0.75454,0.59372,0.076053,0.23687,ExoRM
WASP-48 b,1.2723,2.4952,2.4753,4.6791,0.019888,-2.1839,ExoRM
WASP-49 b,1.0949,2.0704,2.6007,2.0159,-0.53027,0.054455,Forecaster
WASP-50 b,1.1163,2.6692,2.5859,2.0522,0.083248,0.61692,ExoRM
WASP-52 b,1.1535,2.1649,2.5467,2.1155,-0.38175,0.04948,Forecaster
WASP-53 b,1.0806,2.831,2.5598,1.9916,0.27118,0.83935,ExoRM
WASP-54 b,1.2482,2.273,2.425,4.6518,-0.15192,-2.3787,ExoRM
WASP-55 b,1.1635,2.2581,2.5302,4.5556,-0.2721,-2.2976,ExoRM
WASP-56 b,1.0878,2.2588,2.5804,2.0039,-0.32157,0.25494,Forecaster
WASP-57 b,1.0114,2.3295,2.2625,1.8743,0.067053,0.45528,ExoRM
WASP-59 b,0.93887,2.4382,1.865,1.751,0.57324,0.68715,ExoRM
WASP-60 b,1.1377,2.2504,2.5711,2.0886,-0.32073,0.16175,Forecaster
WASP-61 b,1.1324,2.8161,2.5748,2.0795,0.24126,0.73652,ExoRM
WASP-62 b,1.1701,2.2182,2.5192,4.5632,-0.30101,-2.345,ExoRM
WASP-63 b,1.2049,2.082,2.4665,4.6026,-0.38452,-2.5207,ExoRM
WASP-64 b,1.1537,2.6063,2.5463,2.1158,0.059981,0.49049,ExoRM
WASP-65 b,1.0957,2.6897,2.6001,2.0173,0.08959,0.67245,ExoRM
WASP-66 b,1.1926,2.8677,2.4821,4.5886,0.38556,-1.721,ExoRM
WASP-67 b,1.0874,2.1107,2.5793,2.0032,-0.46856,0.10749,Forecaster
WASP-68 b,1.143,2.4831,2.5641,2.0976,-0.080973,0.3855,ExoRM
WASP-69 b,1.0949,1.9646,2.6007,2.0159,-0.63607,-0.051349,Forecaster
WASP-71 b,1.2139,2.8489,2.4562,4.6128,0.39277,-1.7639,ExoRM
WASP-74 b,1.2427,2.4799,2.4232,4.6455,0.056675,-2.1656,ExoRM
WASP-75 b,1.1534,2.5328,2.5469,2.1152,-0.014129,0.41756,ExoRM
WASP-76 b,1.3156,2.4612,2.5658,4.7282,-0.10461,-2.267,ExoRM
WASP-78 b,1.251,2.4144,2.4307,4.6549,-0.016284,-2.2405,ExoRM
WASP-79 b,1.2343,2.4316,2.4329,4.6359,-0.0012828,-2.2043,ExoRM
WASP-80 b,1.0282,2.2457,2.3543,1.9027,-0.10862,0.34296,ExoRM
WASP-81 b,1.2046,2.3649,2.4668,4.6023,-0.10191,-2.2373,ExoRM
WASP-82 b,1.2826,2.5991,2.4969,4.6908,0.10216,-2.0917,ExoRM
WASP-83 b,1.0666,1.9793,2.5199,1.9679,-0.54061,0.011404,Forecaster
WASP-84 b,1.0302,2.3424,2.3652,1.9061,-0.022778,0.43632,ExoRM
WASP-87 b,1.191,2.8407,2.4847,4.5869,0.35593,-1.7462,ExoRM
WASP-88 b,1.28,2.2581,2.4915,4.6879,-0.23341,-2.4298,ExoRM
WASP-89 b,1.0666,3.2656,2.5199,1.9679,0.7457,1.2977,ExoRM
WASP-90 b,1.2618,2.3015,2.4533,4.6671,-0.15174,-2.3656,ExoRM
WASP-91 b,1.0624,2.6293,2.5079,1.9608,0.12135,0.66851,ExoRM
WASP-92 b,1.2142,2.408,2.4558,4.6132,-0.047836,-2.2052,ExoRM
WASP-93 b,1.2529,2.6695,2.4347,4.6571,0.23482,-1.9875,ExoRM
WASP-95 b,1.1395,2.6606,2.5699,2.0916,0.090667,0.56892,ExoRM
WASP-96 b,1.1287,2.1924,2.5773,2.0734,-0.3849,0.11896,Forecaster
WASP-97 b,1.1065,2.6357,2.5927,2.0356,0.043064,0.60013,ExoRM
WASP-98 b,1.108,2.4669,2.5916,2.0382,-0.12469,0.42874,ExoRM
WASP-99 b,1.091,2.9494,2.5894,2.0093,0.3599,0.94008,ExoRM
CoRoT-10 b,1.0362,2.9415,2.3983,1.9163,0.54326,1.0252,ExoRM
CoRoT-11 b,1.2037,2.8714,2.4679,4.6012,0.40353,-1.7298,ExoRM
CoRoT-12 b,1.1799,2.4501,2.5031,4.5742,-0.052966,-2.1241,ExoRM
CoRoT-13 b,0.99651,2.6188,2.1807,1.8489,0.43808,0.76987,ExoRM
CoRoT-14 b,1.087,3.3726,2.5781,2.0025,0.79447,1.3701,ExoRM
CoRoT-17 b,1.058,2.8878,2.4955,1.9534,0.39227,0.93439,ExoRM
CoRoT-18 b,1.1468,3.0167,2.5577,2.1041,0.459,0.91263,ExoRM
CoRoT-19 b,1.1602,2.5648,2.5357,4.5518,0.029066,-1.987,ExoRM
CoRoT-20 b,0.97385,3.1285,2.0566,1.8104,1.072,1.3181,ExoRM
CoRoT-27 b,1.0526,3.515,2.48,1.9441,1.0351,1.5709,ExoRM
CoRoT-28 b,1.0296,2.1843,2.3618,1.905,-0.17744,0.2793,ExoRM
CoRoT-30 b,1.0535,2.9646,2.4824,1.9456,0.48218,1.019,ExoRM
CoRoT-35 b,1.2749,2.5436,2.4807,4.682,0.062861,-2.1385,ExoRM
HAT-P-11 b,0.69028,1.3979,1.4141,1.329,-0.016148,0.068934,ExoRM
HAT-P-12 b,1.0314,1.8211,2.3717,1.9081,-0.55063,-0.087032,Forecaster
HAT-P-13 b,1.1571,2.4331,2.5407,4.5484,-0.1076,-2.1153,ExoRM
HAT-P-14 b,1.1103,2.8509,2.5901,2.042,0.26081,0.80885,ExoRM
HAT-P-15 b,1.0798,2.792,2.5575,1.9903,0.23452,0.80175,ExoRM
HAT-P-16 b,1.1251,3.1243,2.5798,2.0673,0.5445,1.057,ExoRM
HAT-P-17 b,1.0539,2.2322,2.4836,1.9463,-0.25147,0.28584,ExoRM
HAT-P-18 b,1.0259,1.7945,2.3418,1.8988,-0.54732,-0.10439,Forecaster
HAT-P-19 b,1.1034,1.9676,2.5948,2.0304,-0.62721,-0.06288,Forecaster
HAT-P-20 b,0.98758,3.3623,2.1318,1.8337,1.2305,1.5285,ExoRM
HAT-P-21 b,1.0599,3.101,2.5007,1.9565,0.60028,1.1445,ExoRM
HAT-P-22 b,1.083,2.8391,2.5667,1.9957,0.27235,0.84332,ExoRM
HAT-P-23 b,1.1857,2.8223,2.4936,4.5808,0.32875,-1.7584,ExoRM
HAT-P-24 b,1.1437,2.3379,2.5629,2.0988,-0.22503,0.23905,ExoRM
HAT-P-25 b,1.1251,2.2558,2.5798,2.0673,-0.32404,0.18849,Forecaster
HAT-P-27 b,1.0658,2.3217,2.5175,1.9665,-0.19581,0.35523,ExoRM
HAT-P-28 b,1.1331,2.3063,2.5743,2.0808,-0.26798,0.22557,Forecaster
HAT-P-29 b,1.0765,2.387,2.5482,1.9847,-0.16121,0.40226,ExoRM
HAT-P-30 b,1.1767,2.354,2.5084,4.5706,-0.15438,-2.2165,ExoRM
HAT-P-32 b,1.3022,2.4367,2.5378,4.713,-0.10117,-2.2764,ExoRM
HAT-P-33 b,1.2764,2.3841,2.4839,4.6838,-0.099816,-2.2997,ExoRM
HAT-P-35 b,1.1741,2.525,2.5127,4.5676,0.012281,-2.0426,ExoRM
HAT-P-36 b,1.1821,2.7866,2.4994,4.5768,0.28725,-1.7902,ExoRM
HAT-P-37 b,1.1207,2.57,2.5828,2.0598,-0.012853,0.51022,ExoRM
HAT-P-39 b,1.2457,2.2796,2.4198,4.649,-0.14016,-2.3694,ExoRM
HAT-P-40 b,1.2876,2.2911,2.5074,4.6965,-0.21634,-2.4055,ExoRM
HAT-P-41 b,1.2762,2.4053,2.4834,4.6835,-0.078152,-2.2782,ExoRM
HAT-P-43 b,1.1571,2.323,2.5407,4.5484,-0.21769,-2.2253,ExoRM
HAT-P-44 b,1.1437,2.0487,2.5629,2.0988,-0.51418,-0.050097,Forecaster
HAT-P-49 b,1.1997,2.7402,2.4724,4.5967,0.26778,-1.8565,ExoRM
HAT-P-50 b,1.1595,2.6354,2.5368,4.5511,0.09859,-1.9156,ExoRM
HAT-P-51 b,1.1306,1.9893,2.576,2.0765,-0.58672,-0.08716,Forecaster
HAT-P-52 b,1.0535,2.4149,2.4824,1.9456,-0.067465,0.46935,ExoRM
HAT-P-53 b,1.1695,2.6716,2.5203,4.5624,0.15127,-1.8908,ExoRM
HAT-P-54 b,1.0245,2.383,2.3342,1.8965,0.048788,0.48651,ExoRM
HAT-P-55 b,1.1715,2.2774,2.517,4.5646,-0.2396,-2.2872,ExoRM
HAT-P-56 b,1.2157,2.7809,2.4541,4.6149,0.32682,-1.8339,ExoRM
HAT-P-58 b,1.1741,2.0727,2.5127,4.5676,-0.43998,-2.4949,ExoRM
HAT-P-59 b,1.0999,2.6897,2.5972,2.0245,0.092539,0.66519,ExoRM
HAT-P-60 b,1.262,2.2611,2.4538,4.6674,-0.19273,-2.4063,ExoRM
HAT-P-61 b,1.0033,2.5263,2.218,1.8605,0.30824,0.66578,ExoRM
HAT-P-62 b,1.0802,2.3836,2.5586,1.9909,-0.17507,0.39263,ExoRM
HAT-P-63 b,1.0984,2.2904,2.5982,2.0219,-0.30788,0.26847,Forecaster
HAT-P-64 b,1.2808,2.2656,2.4931,4.6887,-0.22746,-2.4231,ExoRM
HAT-P-65 b,1.326,2.224,2.5877,4.7401,-0.36373,-2.5161,ExoRM
HAT-P-66 b,1.251,2.396,2.4307,4.6549,-0.034744,-2.2589,ExoRM
HAT-P-68 b,1.0798,2.3619,2.5575,1.9903,-0.19556,0.37168,ExoRM
HAT-P-69 b,1.2738,3.0561,2.4786,4.6809,0.57752,-1.6248,ExoRM
HD 15337 b,0.23019,0.85733,0.67684,0.54787,0.18049,0.30947,ExoRM
HD 15337 c,0.40175,0.94399,1.0033,0.83913,-0.059329,0.10486,ExoRM
HD 17156 b,1.091,3.0475,2.5894,2.0093,0.45805,1.0382,ExoRM
HD 18599 b,0.43136,1.4065,1.0335,0.88941,0.373,0.51713,ExoRM
HD 20329 b,0.23553,0.8704,0.69219,0.55692,0.17821,0.31348,ExoRM
HD 23472 b,0.30103,0.92012,0.88063,0.66813,0.039488,0.25199,ExoRM
HD 23472 d,-0.12494,-0.25964,-0.34483,-0.46021,0.085198,0.20057,ExoRM
HD 23472 e,-0.087247,-0.14267,-0.2364,-0.32511,0.093731,0.18245,ExoRM
HD 35843 c,0.40483,1.0538,1.0065,0.84437,0.047377,0.20948,ExoRM
HD 42813 b,0.54158,0.98227,1.1784,1.0765,-0.19609,-0.094264,Forecaster
HD 63935 b,0.47567,1.0334,1.0788,0.96464,-0.045331,0.068787,ExoRM
HD 63935 c,0.4624,1.0453,1.0652,0.9421,-0.019888,0.10322,ExoRM
HD 73583 c,0.3784,0.98677,0.97949,0.79949,0.0072787,0.18728,ExoRM
HD 77946 b,0.43217,0.92324,1.0344,0.89078,-0.11112,0.032468,Forecaster
HD 80606 b,1.079,3.1437,2.5552,1.9889,0.58849,1.1548,ExoRM
HD 80653 b,0.20763,0.74819,0.61194,0.50957,0.13624,0.23862,ExoRM
HD 86226 c,0.33445,0.86034,0.93465,0.72488,-0.074312,0.13546,ExoRM
HD 88986 b,0.3962,1.2355,0.99766,0.82971,0.23787,0.40582,ExoRM
HD 89345 b,0.83632,1.5527,1.6316,1.577,-0.078935,-0.024283,Forecaster
HD 95338 b,0.58995,1.6278,1.255,1.1587,0.37274,0.46912,ExoRM
HD 97658 b,0.3516,0.87795,0.95215,0.754,-0.074203,0.12395,ExoRM
HIP 8152 b,0.40419,0.94939,1.0058,0.84328,-0.056426,0.10611,ExoRM
HIP 8152 c,0.39445,0.97313,0.99588,0.82674,-0.022747,0.14638,ExoRM
HIP 9618 b,0.58302,0.91908,1.244,1.1469,-0.32497,-0.22781,Forecaster
HIP 9618 c,0.52414,1.2625,1.1507,1.0469,0.11174,0.21553,ExoRM
K2-419 A b,1.0233,2.2923,2.3272,1.8943,-0.034919,0.39794,ExoRM
KELT-2 A b,1.1588,2.6846,2.5379,4.5503,0.14665,-1.8657,ExoRM
KELT-4 A b,1.28,2.4564,2.4915,4.6879,-0.035041,-2.2314,ExoRM
KOI-3680 b,1.0452,2.7878,2.4474,1.9316,0.34035,0.85617,ExoRM
Kepler-4 b,0.60228,1.3887,1.2746,1.1796,0.11409,0.20908,ExoRM
Kepler-5 b,1.2037,2.8267,2.4679,4.6012,0.35881,-1.7746,ExoRM
Kepler-6 b,1.1648,2.327,2.528,4.5571,-0.20099,-2.2302,ExoRM
Kepler-7 b,1.2596,2.1466,2.4488,4.6647,-0.30217,-2.5181,ExoRM
Kepler-8 b,1.2006,2.273,2.4714,4.5978,-0.19833,-2.3247,ExoRM
Kepler-9 b,0.91855,1.6375,1.7537,1.7166,-0.11621,-0.079071,Forecaster
Kepler-9 c,0.90741,1.4757,1.7372,1.6976,-0.26149,-0.22197,Forecaster
LHS 1140 b,0.23729,0.84386,0.69727,0.55992,0.14659,0.28394,ExoRM
LHS 1140 c,0.10789,0.25768,0.32498,0.34022,-0.067306,-0.082539,ExoRM
LHS 1478 b,0.094122,0.36736,0.28538,0.31684,0.081976,0.050511,Forecaster
LTT 3780 b,0.12222,0.39094,0.3662,0.36454,0.024731,0.026392,ExoRM
LTT 3780 c,0.38382,0.79865,0.98502,0.80868,-0.18637,-0.010034,Forecaster
LTT 9779 b,0.67394,1.4672,1.3882,1.3013,0.078983,0.1659,ExoRM
Qatar-10 b,1.2379,2.3691,2.4287,4.6401,-0.059616,-2.271,ExoRM
TOI-1062 b,0.35507,1.0065,0.95569,0.75988,0.05078,0.24659,ExoRM
TOI-1064 b,0.4128,1.1303,1.0146,0.85789,0.11574,0.27245,ExoRM
TOI-1075 b,0.2531,0.99782,0.74273,0.58675,0.25509,0.41107,ExoRM
TOI-1107 b,1.1635,3.0272,2.5302,4.5556,0.49707,-1.5284,ExoRM
TOI-1130 b,0.55145,1.2851,1.194,1.0933,0.0911,0.19181,ExoRM
TOI-1130 c,1.1139,2.5263,2.5875,2.0483,-0.061173,0.47805,ExoRM
TOI-1173 b,0.96332,1.4378,1.9989,1.7926,-0.56113,-0.35481,Forecaster
TOI-1181 b,1.2094,2.5763,2.4613,4.6077,0.11503,-2.0314,ExoRM
TOI-1194 b,0.94035,2.0792,1.8731,1.7536,0.2061,0.32562,ExoRM
TOI-1199 b,1.0218,1.8806,2.319,1.8918,-0.43846,-0.011207,Forecaster
TOI-1201 b,0.38292,0.79796,0.9841,0.80716,-0.18615,-0.0092002,Forecaster
TOI-1231 b,0.56229,1.1875,1.2112,1.1117,-0.023674,0.075818,ExoRM
TOI-1235 b,0.24005,0.83948,0.7052,0.5646,0.13428,0.27488,ExoRM
TOI-1246 b,0.47857,0.90849,1.0817,0.96955,-0.17322,-0.061068,Forecaster
TOI-1246 c,0.39967,0.94448,1.0012,0.83561,-0.056721,0.10887,ExoRM
TOI-1246 e,0.57749,1.1703,1.2353,1.1375,-0.065027,0.032754,Forecaster
TOI-1248 b,0.83305,1.4378,1.6267,1.5714,-0.18899,-0.13364,Forecaster
TOI-1260 b,0.36922,0.9345,0.97012,0.7839,-0.035625,0.1506,ExoRM
TOI-1266 b,0.4183,0.62634,1.0202,0.86723,-0.39387,-0.24089,Forecaster
TOI-1266 c,0.29667,0.50106,0.86808,0.66072,-0.36702,-0.15966,Forecaster
TOI-1268 b,0.95904,1.9841,1.9755,1.7853,0.008611,0.19878,ExoRM
TOI-1272 b,0.617,1.3909,1.2979,1.2046,0.093018,0.18635,ExoRM
TOI-1279 b,0.42512,1.0253,1.0272,0.87881,-0.0018654,0.14649,ExoRM
TOI-1288 b,0.71933,1.6232,1.4579,1.3783,0.16536,0.24493,ExoRM
TOI-1294 b,1.0053,1.8055,2.2291,1.8639,-0.42356,-0.058403,Forecaster
TOI-1295 b,1.1957,2.6545,2.477,4.5922,0.17746,-1.9377,ExoRM
TOI-1296 b,1.1497,1.9791,2.5529,2.109,-0.57385,-0.12995,Forecaster
TOI-1298 b,0.97436,2.0536,2.0594,1.8113,-0.0057408,0.24233,ExoRM
TOI-1333 b,1.1945,2.8769,2.479,4.5908,0.3979,-1.7138,ExoRM
TOI-1338 b,0.88429,1.0531,1.7028,1.6584,-0.64974,-0.6053,Forecaster
TOI-1347 b,0.25527,1.0453,0.749,0.59045,0.29633,0.45488,ExoRM
TOI-1386 b,0.79354,1.6609,1.5681,1.5043,0.092793,0.15656,ExoRM
TOI-1408 b,1.3979,2.7731,2.7382,4.8217,0.034875,-2.0487,ExoRM
TOI-1408 c,0.34635,0.88081,0.94679,0.74508,-0.065979,0.13573,ExoRM
TOI-1416 b,0.20952,0.54158,0.61736,0.51276,-0.075776,0.02882,Forecaster
TOI-1420 b,1.0752,1.3997,2.5444,1.9825,-1.1447,-0.58281,Forecaster
TOI-1431 b,1.2228,2.9963,2.4461,4.6229,0.55029,-1.6265,ExoRM
TOI-1439 b,0.62765,1.5855,1.3148,1.2227,0.27066,0.36279,ExoRM
TOI-1444 b,0.1452,0.58771,0.43232,0.40356,0.15539,0.18415,ExoRM
TOI-1451 b,0.41688,1.1818,1.0188,0.86482,0.16308,0.31702,ExoRM
TOI-1468 b,0.10721,0.50651,0.32303,0.33907,0.18347,0.16744,Forecaster
TOI-1468 c,0.31471,0.82217,0.9145,0.69136,-0.092335,0.13081,ExoRM
TOI-1470 b,0.33846,0.86451,0.93873,0.73167,-0.074224,0.13284,ExoRM
TOI-1478 b,1.0749,2.4321,2.5435,1.982,-0.11141,0.45017,ExoRM
TOI-150.01,1.1482,2.9019,2.5555,2.1065,0.34642,0.7954,ExoRM
TOI-1516 b,1.1831,3.0019,2.4978,4.5779,0.50409,-1.576,ExoRM
TOI-1601 b,1.1426,2.4978,2.5647,2.097,-0.066828,0.40082,ExoRM
TOI-1634 b,0.24871,0.8791,0.73011,0.5793,0.14898,0.29979,ExoRM
TOI-1670 c,1.0439,2.3015,2.4402,1.9293,-0.13864,0.37219,ExoRM
TOI-1685 b,0.23045,0.57749,0.67758,0.5483,-0.10009,0.029191,Forecaster
TOI-1694 b,0.72772,1.4955,1.4703,1.3926,0.025199,0.10298,ExoRM
TOI-1695 b,0.3075,0.74036,0.89924,0.67911,-0.15887,0.061252,Forecaster
TOI-1710 b,0.72754,1.4518,1.4701,1.3923,-0.018291,0.059526,ExoRM
TOI-1728 b,0.70329,1.4278,1.4341,1.3511,-0.0062589,0.076722,ExoRM
TOI-1736 b,0.4843,1.0755,1.0876,0.97929,-0.012013,0.09626,ExoRM
TOI-1742 b,0.37385,0.98677,0.97485,0.79176,0.011925,0.19501,ExoRM
TOI-1751 b,0.44248,1.1614,1.0449,0.90828,0.11648,0.25308,ExoRM
TOI-1759 b,0.49693,1.0334,1.1076,1.0007,-0.074157,0.032694,Forecaster
TOI-1775 b,0.90565,1.9823,1.7345,1.6947,0.24773,0.28762,ExoRM
TOI-1803 b,0.47567,1.0137,1.0788,0.96464,-0.065075,0.049043,Forecaster
TOI-1807 b,0.13672,0.40993,0.40793,0.38917,0.0020002,0.020764,ExoRM
TOI-1811 b,1.047,2.4899,2.457,1.9346,0.03287,0.5553,ExoRM
TOI-1820 b,1.1065,2.8639,2.5927,2.0356,0.27125,0.82832,ExoRM
TOI-1823 b,0.87741,1.8287,1.6926,1.6467,0.13605,0.18196,ExoRM
TOI-1824 b,0.43836,1.2041,1.0407,0.90128,0.16344,0.30284,ExoRM
TOI-1836 b,0.93266,1.466,1.831,1.7405,-0.36498,-0.27453,Forecaster
TOI-1842 b,1.0666,1.8326,2.5199,1.9679,-0.68731,-0.1353,Forecaster
TOI-1853 b,0.53908,1.8645,1.1744,1.0723,0.69012,0.79223,ExoRM
TOI-1898 b,0.97292,2.1106,2.0515,1.8089,0.059098,0.30172,ExoRM
TOI-1899 b,1.0452,2.3283,2.4474,1.9316,-0.11913,0.39669,ExoRM
TOI-1994 b,1.1359,3.8466,2.5723,2.0856,1.2742,1.761,ExoRM
TOI-2000 b,0.43136,1.0414,1.0335,0.88941,0.0078508,0.15198,ExoRM
TOI-2000 c,0.91062,1.9122,1.7419,1.7031,0.17029,0.20912,ExoRM
TOI-2010 b,1.0724,2.6114,2.5365,1.9778,0.074937,0.63366,ExoRM
TOI-2015 b,0.5197,0.96379,1.1437,1.0394,-0.17988,-0.075595,Forecaster
TOI-2018 b,0.35564,0.96379,0.95627,0.76085,0.0075149,0.20293,ExoRM
TOI-2019 b,0.72695,1.5366,1.4692,1.3913,0.067357,0.1453,ExoRM
TOI-2025 b,1.0976,3.1456,2.5988,2.0206,0.54686,1.1251,ExoRM
TOI-2046 b,1.2079,2.8639,2.463,4.606,0.4009,-1.7421,ExoRM
TOI-2107 b,1.1327,2.4213,2.5746,2.0802,-0.15329,0.34112,ExoRM
TOI-2109 b,1.1789,3.2029,2.5047,4.5731,0.69821,-1.3702,ExoRM
TOI-2134 b,0.42975,0.96047,1.0319,0.88668,-0.071427,0.073795,ExoRM
TOI-2134 c,0.86153,1.6221,1.669,1.6198,-0.046927,0.0023575,Forecaster
TOI-2141 b,0.4843,1.3802,1.0876,0.97929,0.29265,0.40092,ExoRM
TOI-2145 b,1.0785,3.2232,2.554,1.9882,0.66917,1.235,ExoRM
TOI-2154 b,1.2118,2.466,2.4586,4.6105,0.0074237,-2.1445,ExoRM
TOI-2158 b,1.0318,2.416,2.3742,1.9089,0.041809,0.50711,ExoRM
TOI-216.01,1.0043,2.2504,2.2235,1.8622,0.026899,0.38821,ExoRM
TOI-2180 b,1.0539,2.9423,2.4836,1.9463,0.45868,0.99599,ExoRM
TOI-2184 b,1.0569,2.3151,2.4922,1.9514,-0.17709,0.36368,ExoRM
TOI-2196 b,0.54531,1.415,1.1843,1.0829,0.2307,0.33211,ExoRM
TOI-2202 b,1.0395,2.4584,2.416,1.9218,0.042408,0.53653,ExoRM
TOI-2207 b,1.0474,2.3084,2.4594,1.9353,-0.15101,0.37308,ExoRM
TOI-2328 b,0.99896,1.7063,2.1941,1.8531,-0.48778,-0.14675,Forecaster
TOI-2338 b,1.0496,3.2789,2.4713,1.939,0.80759,1.3399,ExoRM
TOI-2364 b,0.93493,1.8544,1.8434,1.7444,0.010991,0.11002,ExoRM
TOI-2373 b,1.018,3.4707,2.2987,1.8855,1.172,1.5852,ExoRM
TOI-2374 b,0.83315,1.7531,1.6269,1.5716,0.12624,0.18157,ExoRM
TOI-2379 b,1.0691,3.2626,2.5271,1.9722,0.73556,1.2905,ExoRM
TOI-2384 b,1.0603,2.7958,2.5019,1.9572,0.29386,0.83858,ExoRM
TOI-2416 b,0.99405,2.9793,2.1672,1.8447,0.8121,1.1346,ExoRM
TOI-2420 b,1.1767,2.4693,2.5084,4.5706,-0.039149,-2.1013,ExoRM
TOI-2421 b,1.0157,2.0246,2.2859,1.8815,-0.26121,0.14313,Forecaster
TOI-2443 b,0.37346,0.68124,0.97446,0.79111,-0.29322,-0.10987,Forecaster
TOI-2447 b,0.98255,2.0966,2.1042,1.8252,-0.0076297,0.27138,ExoRM
TOI-2458 b,0.45179,1.1242,1.0544,0.92409,0.069796,0.20009,ExoRM
TOI-2485 b,1.0842,2.8846,2.5701,1.9978,0.31443,0.88679,ExoRM
TOI-2497 b,1.047,3.1852,2.457,1.9346,0.72825,1.2507,ExoRM
TOI-2498 b,0.78247,1.5393,1.5516,1.4855,-0.012315,0.053805,ExoRM
TOI-2524 b,1.0496,2.3084,2.4713,1.939,-0.16293,0.36938,ExoRM
TOI-2525 b,0.93831,1.4265,1.8619,1.7501,-0.43542,-0.32362,Forecaster
TOI-2525 c,1.0057,2.3198,2.2312,1.8646,0.088536,0.45518,ExoRM
TOI-2529 b,1.0624,2.8714,2.5079,1.9608,0.36346,0.91062,ExoRM
TOI-2537 b,1.0513,2.6185,2.4763,1.9419,0.14222,0.67653,ExoRM
TOI-2567 b,1.0386,1.8054,2.4111,1.9203,-0.60569,-0.11494,Forecaster
TOI-2570 b,1.1349,2.416,2.5731,2.0838,-0.15707,0.33221,ExoRM
TOI-2580 b,1.2399,2.3015,2.4264,4.6423,-0.12491,-2.3408,ExoRM
TOI-2589 b,1.083,3.0463,2.5667,1.9957,0.47956,1.0505,ExoRM
TOI-2669 b,1.2951,2.2875,2.523,4.705,-0.23547,-2.4174,ExoRM
TOI-2714 b,1.1374,2.3579,2.5714,2.088,-0.21342,0.2699,ExoRM
TOI-2842 b,1.1088,2.0704,2.5911,2.0395,-0.5207,0.030919,Forecaster
TOI-2977 b,1.1192,2.7275,2.5839,2.0573,0.14364,0.67023,ExoRM
TOI-2981 b,1.1271,2.8048,2.5784,2.0706,0.22639,0.73418,ExoRM
TOI-3023 b,1.2157,2.2946,2.4541,4.6149,-0.15955,-2.3203,ExoRM
TOI-3071 b,0.85491,1.8338,1.6592,1.6085,0.17458,0.22527,ExoRM
TOI-3235 b,1.0569,2.325,2.4922,1.9514,-0.16719,0.37359,ExoRM
TOI-3321 b,1.192,2.2457,2.4832,4.5879,-0.23746,-2.3422,ExoRM
TOI-3362 b,1.1072,3.2037,2.5921,2.0369,0.61153,1.1668,ExoRM
TOI-3364 b,1.0874,2.7249,2.5793,2.0032,0.14565,0.7217,ExoRM
TOI-3493 b,0.50786,0.95279,1.1249,1.0193,-0.17211,-0.066487,Forecaster
TOI-3568 b,0.72428,1.4216,1.4652,1.3867,-0.043624,0.034888,Forecaster
TOI-3629 b,0.9188,1.9172,1.755,1.717,0.16213,0.20019,ExoRM
TOI-3693 b,1.1003,2.5108,2.5969,2.0252,-0.086115,0.48561,ExoRM
TOI-3714 b,1.047,2.3404,2.457,1.9346,-0.11658,0.40586,ExoRM
TOI-3757 b,1.0792,1.9309,2.5558,1.9893,-0.62488,-0.058323,Forecaster
TOI-3819 b,1.1185,2.5475,2.5844,2.056,-0.036856,0.4915,ExoRM
TOI-3837 b,1.0363,2.273,2.3988,1.9165,-0.1258,0.35651,ExoRM
TOI-3884 b,0.77815,1.2175,1.5452,1.4782,-0.32774,-0.2607,Forecaster
TOI-3894 b,1.1825,2.4316,2.4988,4.5771,-0.067234,-2.1455,ExoRM
TOI-3912 b,1.1547,2.1107,2.5447,2.1175,-0.43395,-0.0068289,Forecaster
TOI-3919 b,1.0906,3.091,2.5883,2.0086,0.5027,1.0824,ExoRM
TOI-4010 b,0.48001,1.0414,1.0832,0.972,-0.041787,0.069394,ExoRM
TOI-4010 c,0.77305,1.3077,1.5377,1.4695,-0.22995,-0.16182,Forecaster
TOI-4010 d,0.79099,1.5815,1.5643,1.5,0.017208,0.081514,ExoRM
TOI-406.01,0.31806,0.81757,0.91792,0.69705,-0.10036,0.12051,ExoRM
TOI-4087 b,1.1155,2.3655,2.5864,2.051,-0.22091,0.31455,ExoRM
TOI-4127 b,1.0894,2.8639,2.5849,2.0066,0.27899,0.85734,ExoRM
TOI-4137 b,1.1327,2.6606,2.5746,2.0802,0.085997,0.5804,ExoRM
TOI-4153 b,1.2073,2.5629,2.4637,4.6054,0.099177,-2.0425,ExoRM
TOI-4201 b,1.1359,2.8966,2.5723,2.0856,0.32431,0.81103,ExoRM
TOI-4377 b,1.1793,2.4831,2.5042,4.5735,-0.021045,-2.0904,ExoRM
TOI-4379 b,1.2225,2.5487,2.4464,4.6225,0.10229,-2.0739,ExoRM
TOI-4406 b,1.0496,1.9793,2.4713,1.939,-0.49199,0.040322,Forecaster
TOI-4438 b,0.4014,0.73239,1.003,0.83854,-0.27057,-0.10615,Forecaster
TOI-4504 c,1.0452,3.0782,2.4474,1.9316,0.63081,1.1466,ExoRM
TOI-4515 b,1.0853,2.8041,2.5733,1.9996,0.23087,0.80449,ExoRM
TOI-4562 b,1.098,2.8645,2.5986,2.0211,0.26596,0.84337,ExoRM
TOI-4603 b,1.0674,3.6124,2.5223,1.9693,1.0901,1.6431,ExoRM
TOI-4791 b,1.0949,2.8658,2.6007,2.0159,0.26514,0.84986,ExoRM
TOI-4860 b,0.93952,1.938,1.8685,1.7522,0.069483,0.18586,ExoRM
TOI-4914 b,1.1096,2.356,2.5905,2.0409,-0.2345,0.31515,ExoRM
TOI-4994 b,0.93152,1.9494,1.8247,1.7386,0.12462,0.21078,ExoRM
TOI-5005 b,0.79588,1.5145,1.5716,1.5083,-0.057002,0.0062625,Forecaster
TOI-5027 b,1.0318,2.8075,2.3742,1.9089,0.43335,0.89865,ExoRM
TOI-5076 b,0.50515,1.2041,1.1206,1.0147,0.083508,0.18943,ExoRM
TOI-5108 b,0.81954,1.5051,1.6067,1.5485,-0.10154,-0.043312,Forecaster
TOI-5110 b,1.0785,2.9646,2.554,1.9882,0.41058,0.9764,ExoRM
TOI-5153 b,1.0749,3.0154,2.5435,1.982,0.47188,1.0335,ExoRM
TOI-5205 b,1.0645,2.5353,2.5138,1.9643,0.021485,0.57102,ExoRM
TOI-5232 b,1.1065,2.8714,2.5927,2.0356,0.27874,0.8358,ExoRM
TOI-5301 b,1.1203,3.0645,2.5831,2.0592,0.48139,1.0053,ExoRM
TOI-5344 b,1.0255,2.1171,2.3393,1.8981,-0.22216,0.21903,Forecaster
TOI-5398 b,1.0128,1.7686,2.2701,1.8766,-0.50149,-0.108,Forecaster
TOI-5542 b,1.0535,2.6228,2.4824,1.9456,0.14036,0.67717,ExoRM
TOI-5573 b,0.989,2.0492,2.1396,1.8362,-0.090368,0.21305,ExoRM
TOI-5678 b,0.69108,1.301,1.4154,1.3304,-0.11432,-0.029329,Forecaster
TOI-5786 b,0.93146,1.8633,1.8244,1.7385,0.038942,0.12485,ExoRM
TOI-6016 b,1.1359,2.5704,2.5723,2.0856,-0.0019596,0.48477,ExoRM
TOI-6029 b,1.1581,2.7157,2.5391,4.5495,0.17665,-1.8338,ExoRM
TOI-6034 b,1.0763,2.4048,2.5475,1.9843,-0.14271,0.42049,ExoRM
TOI-6130 b,1.1568,2.5234,2.5413,4.548,-0.017915,-2.0246,ExoRM
TOI-6255 b,0.033021,0.15836,0.1096,0.10595,0.048762,0.052407,ExoRM
TOI-6324 b,0.024896,0.068186,0.086225,0.076831,-0.018039,-0.0086455,Forecaster
TOI-6628 b,1.0408,2.3714,2.4232,1.9241,-0.051822,0.44733,ExoRM
TOI-6651 b,0.70672,1.7853,1.4392,1.3569,0.34617,0.42842,ExoRM
TOI-6695 b,0.97899,1.8244,2.0847,1.8192,-0.26029,0.0052523,Forecaster
WASP-100 b,1.2774,2.8097,2.486,4.6849,0.32371,-1.8752,ExoRM
WASP-101 b,1.1987,2.2012,2.4736,4.5955,-0.27248,-2.3944,ExoRM
WASP-102 b,1.1734,2.296,2.5138,4.5669,-0.21781,-2.2709,ExoRM
WASP-103 b,1.2337,2.6754,2.4336,4.6353,0.24181,-1.9599,ExoRM
WASP-104 b,1.1053,2.6053,2.5935,2.0337,0.011854,0.57165,ExoRM
WASP-105 b,1.0318,2.7575,2.3742,1.9089,0.38327,0.84857,ExoRM
WASP-106 b,1.085,2.783,2.5724,1.9991,0.21057,0.78386,ExoRM
WASP-107 b,1.0227,1.5814,2.3241,1.8934,-0.74274,-0.31199,Forecaster
WASP-110 b,1.1423,2.2098,2.5652,2.0964,-0.35548,0.11335,Forecaster
WASP-113 b,1.1985,2.1789,2.4738,4.5953,-0.29495,-2.4164,ExoRM
WASP-114 b,1.1763,2.7499,2.509,4.5702,0.24097,-1.8203,ExoRM
WASP-116 b,1.1359,2.3084,2.5723,2.0856,-0.26397,0.22276,Forecaster
WASP-117 b,1.0586,1.9423,2.497,1.9543,-0.55473,-0.011993,Forecaster
WASP-118 b,1.2079,2.2132,2.463,4.606,-0.24986,-2.3929,ExoRM
WASP-120 b,1.2178,3.1879,2.4518,4.6172,0.73617,-1.4293,ExoRM
WASP-121 b,1.2933,2.5655,2.5194,4.703,0.046156,-2.1375,ExoRM
WASP-123 b,1.1695,2.456,2.5203,4.5624,-0.064346,-2.1065,ExoRM
WASP-124 b,1.143,2.2803,2.5641,2.0976,-0.28373,0.18274,Forecaster
WASP-127 b,1.1672,1.7189,2.5241,4.5598,-0.80523,-2.8409,ExoRM
WASP-129 b,1.018,2.5022,2.2987,1.8855,0.20352,0.61671,ExoRM
WASP-130 b,0.99896,2.5921,2.1941,1.8531,0.398,0.73903,ExoRM
WASP-131 b,1.1381,1.9384,2.5709,2.0892,-0.63251,-0.15087,Forecaster
WASP-132 b,0.98909,2.115,2.14,1.8363,-0.025054,0.27867,ExoRM
WASP-133 b,1.1324,2.5667,2.5748,2.0795,-0.0081522,0.48711,ExoRM
WASP-135 b,1.1635,2.7809,2.5302,4.5556,0.25078,-1.7747,ExoRM
WASP-138 b,1.087,2.5886,2.5781,2.0025,0.010425,0.58602,ExoRM
WASP-139 b,0.95266,1.5704,1.9405,1.7745,-0.37011,-0.20408,Forecaster
WASP-141 b,1.1324,2.9319,2.5748,2.0795,0.35714,0.8524,ExoRM
WASP-142 b,1.2343,2.4265,2.4329,4.6359,-0.0064194,-2.2095,ExoRM
WASP-144 b,0.97899,2.1456,2.0847,1.8192,0.060938,0.32649,ExoRM
WASP-148 b,0.9081,1.9661,1.7382,1.6988,0.2279,0.26727,ExoRM
WASP-149 b,1.1831,2.4983,2.4978,4.5779,0.0004765,-2.0796,ExoRM
WASP-150 b,1.079,3.4296,2.5552,1.9889,0.87439,1.4407,ExoRM
WASP-151 b,1.1026,1.9936,2.5953,2.0291,-0.60175,-0.035553,Forecaster
WASP-153 b,1.2399,2.0933,2.4264,4.6423,-0.33318,-2.5491,ExoRM
WASP-154 b,1.0318,2.2988,2.3742,1.9089,-0.075431,0.38988,ExoRM
WASP-155 b,1.1287,2.4422,2.5773,2.0734,-0.13508,0.36879,ExoRM
WASP-156 b,0.75714,1.6094,1.514,1.4425,0.095382,0.1669,ExoRM
WASP-157 b,1.0769,2.2611,2.5494,1.9854,-0.28826,0.27568,Forecaster
WASP-159 b,1.1894,2.2426,2.4873,4.5851,-0.24475,-2.3425,ExoRM
WASP-161 b,1.1076,2.8984,2.5919,2.0375,0.30651,0.86085,ExoRM
WASP-162 b,1.0496,3.2182,2.4713,1.939,0.74689,1.2792,ExoRM
WASP-163 b,1.1295,2.774,2.5768,2.0747,0.19724,0.69938,ExoRM
WASP-164 b,1.1019,2.8306,2.5958,2.0278,0.23473,0.80277,ExoRM
WASP-166 b,0.84891,1.5065,1.6503,1.5983,-0.14377,-0.091799,Forecaster
WASP-170 b,1.0894,2.7063,2.5849,2.0066,0.12138,0.69973,ExoRM
WASP-171 b,1.0408,2.5372,2.4233,1.9241,0.11397,0.61313,ExoRM
WASP-172 b,1.2455,2.1743,2.4201,4.6487,-0.24578,-2.4744,ExoRM
WASP-175 b,1.1316,2.4978,2.5753,2.0783,-0.077471,0.4195,ExoRM
WASP-176 b,1.2271,2.4342,2.4411,4.6278,-0.0069201,-2.1937,ExoRM
WASP-178 b,1.3072,2.7223,2.5484,4.7188,0.17386,-1.9965,ExoRM
WASP-181 b,1.1229,1.9779,2.5813,2.0635,-0.60345,-0.085663,Forecaster
WASP-182 b,0.97899,1.6725,2.0847,1.8192,-0.41225,-0.1467,Forecaster
WASP-184 b,1.1734,2.2581,2.5138,4.5669,-0.25573,-2.3088,ExoRM
WASP-185 b,1.1465,2.4934,2.5583,2.1035,-0.064894,0.38989,ExoRM
WASP-186 b,1.0949,3.1275,2.6007,2.0159,0.52684,1.1116,ExoRM
WASP-187 b,1.2644,2.4053,2.4588,4.6702,-0.053547,-2.2649,ExoRM
WASP-188 b,1.1708,2.6615,2.5181,4.5639,0.14333,-1.9024,ExoRM
WASP-189 b,1.2588,2.801,2.4471,4.6638,0.35392,-1.8628,ExoRM
WASP-190 b,1.1103,2.5022,2.5901,2.042,-0.087857,0.46015,ExoRM
WASP-192 b,1.1395,2.8639,2.5699,2.0916,0.29403,0.77229,ExoRM
WASP-193 b,1.2151,1.6452,2.4548,4.6142,-0.8096,-2.969,ExoRM
WASP-194 b,1.1898,2.5719,2.4868,4.5854,0.085067,-2.0136,ExoRM
WASP-197 b,1.1598,2.6057,2.5363,4.5514,0.069386,-1.9458,ExoRM
Wolf 327 b,0.093422,0.40312,0.28337,0.31566,0.11975,0.087464,Forecaster
Wolf 503 b,0.31027,0.79727,0.90721,0.68382,-0.10995,0.11345,ExoRM
HATS-48 A b,0.95266,1.8878,1.9405,1.7745,-0.052694,0.11334,ExoRM
HATS-58 A b,1.089,2.515,2.5838,2.0059,-0.06877,0.50912,ExoRM
HATS-74 A b,1.0632,2.6665,2.5103,1.9622,0.1562,0.70433,ExoRM
HD 106315 c,0.63849,1.1818,1.332,1.2411,-0.15014,-0.059225,Forecaster
HD 110113 b,0.31175,0.65801,0.91149,0.68634,-0.25347,-0.028328,Forecaster
HD 114082 b,1.0496,3.4053,2.4713,1.939,0.93398,1.4663,ExoRM
HD 118203 b,1.1049,2.8379,2.5937,2.033,0.24413,0.80484,ExoRM
HD 136352 b,0.22115,0.67394,0.65084,0.53252,0.023104,0.14142,ExoRM
HD 136352 c,0.46479,1.0508,1.0676,0.94616,-0.016883,0.10461,ExoRM
HD 136352 d,0.40858,0.94547,1.0103,0.85073,-0.064823,0.09474,ExoRM
HD 137496 b,0.11727,0.60638,0.35198,0.35615,0.2544,0.25023,Forecaster
HD 149026 b,0.86514,2.0573,1.6744,1.6259,0.38289,0.43141,ExoRM
HD 183579 b,0.55023,1.2945,1.1921,1.0912,0.1024,0.20325,ExoRM
HD 189733 b,1.1057,2.5606,2.5932,2.0343,-0.03259,0.52628,ExoRM
HD 191939 b,0.53086,0.98227,1.1614,1.0583,-0.17909,-0.076057,Forecaster
HD 191939 c,0.50447,0.90309,1.1195,1.0135,-0.21645,-0.11044,Forecaster
HD 191939 d,0.4764,0.44716,1.0795,0.96587,-0.63234,-0.51871,Forecaster
HD 207897 b,0.39811,1.1584,0.99961,0.83296,0.15875,0.3254,ExoRM
HD 209458 b,1.2112,2.3084,2.4592,4.6098,-0.1509,-2.3014,ExoRM
HD 213885 b,0.2418,0.94596,0.71022,0.56756,0.23574,0.3784,ExoRM
HD 219134 b,0.20575,0.6371,0.60651,0.50636,0.03059,0.13074,ExoRM
HD 219134 c,0.17926,0.63949,0.53033,0.4614,0.10916,0.17809,ExoRM
HD 219666 b,0.67302,1.2201,1.3867,1.2997,-0.16661,-0.079588,Forecaster
HD 221416 b,0.96237,1.7818,1.9937,1.7909,-0.21194,-0.0091943,Forecaster
HD 260655 b,0.093422,0.33041,0.28337,0.31566,0.047047,0.014757,Forecaster
HD 260655 c,0.18554,0.48996,0.54839,0.47206,-0.058429,0.0179,Forecaster
HD 332231 b,0.98759,1.8896,2.1318,1.8338,-0.24223,0.055822,Forecaster
HIP 29442 c,0.19061,0.65321,0.56297,0.48067,0.09024,0.17255,ExoRM
HIP 29442 d,0.18696,0.71096,0.55246,0.47446,0.15851,0.2365,ExoRM
HIP 97166 b,0.43775,1.301,1.0401,0.90026,0.26097,0.40077,ExoRM
KELT-23 A b,1.1711,2.4744,2.5176,4.5643,-0.043185,-2.0899,ExoRM
KOI-1783.01,0.94743,1.8513,1.9119,1.7656,-0.060628,0.085666,ExoRM
Kepler-10 b,0.17289,0.55267,0.512,0.45059,0.040666,0.10208,ExoRM
Kepler-10 c,0.37107,1.1455,0.97201,0.78704,0.17349,0.35846,ExoRM
Kepler-11 d,0.49415,0.86332,1.1032,0.99602,-0.23986,-0.1327,Forecaster
Kepler-11 e,0.60206,0.82607,1.2742,1.1792,-0.44816,-0.35314,Forecaster
Kepler-12 b,1.2815,2.1357,2.4947,4.6896,-0.35902,-2.5539,ExoRM
Kepler-14 b,1.1011,3.3876,2.5964,2.0265,0.79118,1.3611,ExoRM
Kepler-15 b,1.0318,2.3217,2.3741,1.9088,-0.052338,0.41287,ExoRM
Kepler-16 b,0.92682,2.0246,1.799,1.7306,0.22564,0.29403,ExoRM
Kepler-17 b,1.1668,2.8714,2.5247,4.5594,0.34674,-1.688,ExoRM
Kepler-18 c,0.73957,1.238,1.4879,1.4127,-0.2499,-0.17464,Forecaster
Kepler-18 d,0.84386,1.2148,1.6428,1.5897,-0.42794,-0.37489,Forecaster
Kepler-20 b,0.30255,0.97832,0.885,0.67071,0.093316,0.30761,ExoRM
Kepler-20 c,0.4615,1.0453,1.0643,0.94057,-0.01897,0.10475,ExoRM
Kepler-21 b,0.21458,0.87506,0.63192,0.52136,0.24314,0.3537,ExoRM
Kepler-23 b,0.21431,0.40824,0.63116,0.52091,-0.22292,-0.11267,Forecaster
Kepler-23 c,0.47784,0.89265,1.081,0.96833,-0.18832,-0.075676,Forecaster
Kepler-24 b,0.3707,1.0469,0.97164,0.78641,0.075249,0.26047,ExoRM
Kepler-24 c,0.40037,0.99957,1.0019,0.83678,-0.0023441,0.16278,ExoRM
Kepler-25 c,0.716,1.3909,1.4529,1.3727,-0.06201,0.018264,Forecaster
Kepler-26 b,0.4624,0.7007,1.0652,0.9421,-0.36451,-0.2414,Forecaster
Kepler-26 c,0.39967,0.78675,1.0012,0.83561,-0.21445,-0.048858,Forecaster
Kepler-27 b,0.76716,1.6212,1.5289,1.4595,0.092277,0.16166,ExoRM
Kepler-27 c,0.85552,1.3263,1.6601,1.6095,-0.33377,-0.2832,Forecaster
Kepler-29 c,0.36922,0.65321,0.97012,0.7839,-0.31691,-0.13069,Forecaster
Kepler-30 b,0.59106,1.0531,1.2568,1.1606,-0.20373,-0.10747,Forecaster
Kepler-30 c,1.0899,2.8062,2.5864,2.0075,0.21974,0.7987,ExoRM
Kepler-30 d,0.94448,1.3636,1.8957,1.7606,-0.53211,-0.39697,Forecaster
Kepler-34 b,0.93268,1.8446,1.8311,1.7405,0.013545,0.10406,ExoRM
Kepler-35 b,0.91169,1.606,1.7435,1.7049,-0.13753,-0.098923,Forecaster
Kepler-36 b,0.17609,0.59106,0.5212,0.45601,0.069866,0.13505,ExoRM
Kepler-36 c,0.56726,0.98272,1.2191,1.1201,-0.23635,-0.13742,Forecaster
Kepler-39 b,1.0878,3.755,2.5804,2.0039,1.1746,1.7512,ExoRM
Kepler-40 b,1.2079,2.8366,2.463,4.606,0.37363,-1.7694,ExoRM
Kepler-41 b,0.99913,2.2425,2.195,1.8534,0.047492,0.38918,ExoRM
Kepler-43 b,1.0968,2.9922,2.5993,2.0193,0.39284,0.9729,ExoRM
Kepler-44 b,1.087,2.4939,2.5781,2.0025,-0.084266,0.49133,ExoRM
Kepler-45 b,1.0491,2.2012,2.4689,1.9383,-0.26776,0.26291,Forecaster
Kepler-48 c,0.43297,1.1647,1.0352,0.89214,0.12947,0.27251,ExoRM
Kepler-49 b,0.30963,0.9345,0.90538,0.68273,0.029122,0.25176,ExoRM
Kepler-49 c,0.3881,0.92324,0.98939,0.81596,-0.066151,0.10728,ExoRM
Kepler-51 d,0.97589,0.75587,2.0678,1.8139,-1.3119,-1.058,Forecaster
Kepler-54 b,0.26858,0.48996,0.78727,0.61304,-0.29732,-0.12308,Forecaster
Kepler-54 c,0.22737,0.32222,0.66873,0.54308,-0.34651,-0.22086,Forecaster
Kepler-56 b,0.67834,1.5611,1.3951,1.3087,0.16599,0.25242,ExoRM
Kepler-56 c,1.037,2.3721,2.4026,1.9177,-0.030481,0.45444,ExoRM
Kepler-57 b,0.49624,1.399,1.1065,0.99955,0.2925,0.39943,ExoRM
Kepler-57 c,0.34163,0.83632,0.94198,0.73707,-0.10565,0.099257,Forecaster
Kepler-60 b,0.27623,0.72099,0.80929,0.62603,-0.088308,0.094955,ExoRM
Kepler-60 c,0.31154,0.58433,0.91088,0.68598,-0.32655,-0.10165,Forecaster
Kepler-60 d,0.29885,0.61909,0.87437,0.66444,-0.25528,-0.045343,Forecaster
Kepler-65 d,0.20058,0.617,0.59164,0.49758,0.025359,0.11942,ExoRM
Kepler-68 b,0.36342,0.92637,0.96421,0.77406,-0.037844,0.1523,ExoRM
Kepler-74 b,1.0318,2.3015,2.3741,1.9088,-0.072553,0.39266,ExoRM
Kepler-75 b,1.0708,3.5065,2.5318,1.975,0.97465,1.5315,ExoRM
Kepler-76 b,1.1465,2.8032,2.5583,2.1035,0.24491,0.6997,ExoRM
Kepler-77 b,1.0318,2.2199,2.3742,1.9089,-0.15434,0.31097,ExoRM
Kepler-78 b,0.079181,0.27184,0.2424,0.2714,0.029444,0.00043929,Forecaster
Kepler-79 c,0.5506,0.97772,1.1927,1.0918,-0.21493,-0.11412,Forecaster
Kepler-79 d,0.8396,1.0531,1.6365,1.5825,-0.58339,-0.52944,Forecaster
Kepler-79 e,0.53326,0.79934,1.1652,1.0624,-0.36584,-0.26308,Forecaster
Kepler-80 b,0.42651,0.84073,1.0286,0.88117,-0.18786,-0.04044,Forecaster
Kepler-80 c,0.39915,0.54283,1.0007,0.83473,-0.45785,-0.2919,Forecaster
Kepler-80 d,0.11394,0.5682,0.34241,0.3505,0.2258,0.2177,Forecaster
Kepler-80 e,0.20412,0.61595,0.60183,0.5036,0.014116,0.11235,ExoRM
Kepler-82 b,0.60959,1.0846,1.2862,1.192,-0.2016,-0.10743,Forecaster
Kepler-82 c,0.72754,1.143,1.4701,1.3923,-0.32706,-0.24925,Forecaster
Kepler-87 b,1.13,2.5108,2.5764,2.0756,-0.065608,0.43524,ExoRM
Kepler-87 c,0.78817,0.80618,1.5601,1.4952,-0.75392,-0.68901,Forecaster
Kepler-91 b,1.1635,2.383,2.5302,4.5556,-0.14717,-2.1727,ExoRM
Kepler-92 b,0.54531,1.8082,1.1843,1.0829,0.62394,0.72535,ExoRM
Kepler-93 b,0.19569,0.65746,0.5776,0.4893,0.079867,0.16817,ExoRM
Kepler-94 b,0.48359,1.0413,1.0868,0.97808,-0.045573,0.063183,ExoRM
Kepler-95 b,0.53403,1.1139,1.1664,1.0637,-0.052443,0.050232,Forecaster
Kepler-99 b,0.17026,0.78888,0.50443,0.44611,0.28445,0.34276,ExoRM
LP 714-47 b,0.6721,1.4886,1.3853,1.2981,0.10329,0.19042,ExoRM
LP 791-18 c,0.38703,0.85126,0.98831,0.81415,-0.13705,0.037109,Forecaster
NGTS-14 A b,0.69695,1.466,1.4247,1.3403,0.04133,0.12566,ExoRM
TOI-1410.01,0.49148,1.0969,1.0989,0.99147,-0.002029,0.10544,ExoRM
TOI-1798.02,0.14594,0.74819,0.43445,0.40482,0.31373,0.34337,ExoRM
TOI-762 A b,0.92114,1.9019,1.7679,1.7209,0.13401,0.18092,ExoRM
TOI-858 B b,1.1482,2.5436,2.5555,2.1065,-0.011866,0.43712,ExoRM
WASP-70 A b,1.1155,2.273,2.5864,2.051,-0.3134,0.22208,Forecaster
WASP-77 A b,1.1894,2.862,2.4873,4.5851,0.37472,-1.723,ExoRM
WASP-85 A b,1.143,2.6043,2.5641,2.0976,0.040206,0.50668,ExoRM
WASP-94 A b,1.2482,2.2012,2.425,4.6518,-0.2238,-2.4506,ExoRM
BD-14 3065 b,1.3343,3.5946,2.6049,4.7494,0.98967,-1.1548,ExoRM
HD 93963 A c,0.50893,1.2833,1.1266,1.0211,0.15669,0.26219,ExoRM
HIP 116454 b,0.40312,1.0726,1.0047,0.84146,0.067896,0.23116,ExoRM
Kepler-100 b,0.1284,0.73599,0.38399,0.37504,0.352,0.36095,ExoRM
Kepler-102 e,0.34635,0.95085,0.94679,0.74508,0.0040586,0.20577,ExoRM
Kepler-105 b,0.40312,1.0334,1.0047,0.84146,0.028703,0.19196,ExoRM
Kepler-105 c,0.15836,0.74819,0.47019,0.42591,0.27799,0.32228,ExoRM
Kepler-106 c,0.37785,1.1246,0.97894,0.79856,0.14568,0.32606,ExoRM
Kepler-107 c,0.2033,1.0,0.59949,0.50222,0.40051,0.49778,ExoRM
Kepler-107 e,0.46285,1.1492,1.0657,0.94286,0.08355,0.20635,ExoRM
Kepler-111 c,0.85028,2.3473,1.6523,1.6007,0.69496,0.74664,ExoRM
Kepler-117 c,1.0914,2.767,2.5906,2.0099,0.17643,0.75706,ExoRM
Kepler-131 b,0.38202,1.2076,0.98319,0.80563,0.22445,0.402,ExoRM
Kepler-138 b,-0.15428,-0.72816,-0.42925,-0.56538,-0.29891,-0.16277,Forecaster
Kepler-138 c,0.22272,0.716,0.65533,0.53517,0.060669,0.18083,ExoRM
Kepler-139 c,0.38934,1.3665,0.99066,0.81807,0.37587,0.54846,ExoRM
Kepler-145 c,0.63548,1.8998,1.3272,1.236,0.5726,0.66385,ExoRM
Kepler-167 e,1.0069,2.5065,2.2376,1.8665,0.26894,0.63997,ExoRM
Kepler-177 b,0.54407,0.76641,1.1823,1.0808,-0.41589,-0.31435,Forecaster
Kepler-177 c,0.94101,1.1673,1.8767,1.7547,-0.70941,-0.58738,Forecaster
Kepler-223 b,0.47567,0.86923,1.0788,0.96464,-0.20952,-0.095405,Forecaster
Kepler-223 d,0.71933,0.90309,1.4579,1.3783,-0.5548,-0.47523,Forecaster
Kepler-289 c,1.0504,2.1964,2.4736,1.9404,-0.27723,0.25602,Forecaster
Kepler-289 d,0.48144,0.72673,1.0846,0.97444,-0.35792,-0.24771,Forecaster
Kepler-307 b,0.38561,0.87157,0.98685,0.81173,-0.11528,0.059848,Forecaster
Kepler-307 c,0.34242,0.5611,0.94278,0.73841,-0.38168,-0.17731,Forecaster
Kepler-406 b,0.15534,0.80277,0.46149,0.42077,0.34129,0.382,ExoRM
Kepler-411 b,0.38039,1.4082,0.98153,0.80287,0.42671,0.60537,ExoRM
Kepler-411 c,0.64552,1.4216,1.3431,1.253,0.078477,0.1686,ExoRM
Kepler-412 b,1.177,2.4758,2.5079,4.5709,-0.032101,-2.0952,ExoRM
Kepler-423 b,1.1258,2.2847,2.5793,2.0685,-0.29463,0.21617,Forecaster
Kepler-424 b,0.99913,2.515,2.195,1.8534,0.31996,0.66165,ExoRM
Kepler-425 b,1.0399,1.8563,2.4184,1.9226,-0.56209,-0.066287,Forecaster
Kepler-426 b,1.087,2.0298,2.5781,2.0025,-0.5483,0.027289,Forecaster
Kepler-428 b,1.0831,2.606,2.5671,1.996,0.03884,0.60998,ExoRM
Kepler-432 b,1.0988,3.1897,2.598,2.0226,0.59173,1.1672,ExoRM
Kepler-435 b,1.3485,2.4265,2.6347,4.7656,-0.20829,-2.3391,ExoRM
Kepler-454 b,0.37179,0.782,0.97275,0.78826,-0.19075,-0.0062638,Forecaster
Kepler-538 b,0.34537,1.0253,0.94579,0.74342,0.079512,0.28189,ExoRM
Kepler-553 c,1.0637,3.3283,2.5115,1.9629,0.81672,1.3653,ExoRM
Kepler-643 b,1.1065,2.5065,2.5927,2.0356,-0.086154,0.47091,ExoRM
Kepler-849 b,0.9075,2.4753,1.7373,1.6978,0.73803,0.77753,ExoRM
LTT 1445 A b,0.11561,0.45788,0.3472,0.35333,0.11068,0.10455,Forecaster
LTT 1445 A c,0.059563,0.18752,0.18596,0.20109,0.0015613,-0.013567,ExoRM
Lupus-TR-3 b,0.99896,2.4107,2.1941,1.8531,0.21656,0.55759,ExoRM
OGLE-TR-10 b,1.2851,2.3347,2.5021,4.6936,-0.1674,-2.3589,ExoRM
OGLE-TR-56 b,1.1841,2.6452,2.4962,4.579,0.149,-1.9338,ExoRM
TOI-1259 A b,1.059,2.1466,2.4983,1.955,-0.35165,0.19159,Forecaster
TOI-1450 A b,0.053078,0.099681,0.1673,0.17784,-0.067622,-0.078163,ExoRM
TOI-1937 A b,1.1454,2.8054,2.56,2.1018,0.24535,0.70364,ExoRM
TOI-2152 A b,1.1571,2.954,2.5407,4.5484,0.41324,-1.5944,ExoRM
TOI-2583 A b,1.1602,1.9001,2.5357,4.5518,-0.63558,-2.6517,ExoRM
TOI-2587 A b,1.0818,1.8406,2.5633,1.9937,-0.72261,-0.15304,Forecaster
TOI-2803 A b,1.258,2.4912,2.4454,4.6629,0.045761,-2.1717,ExoRM
TOI-3331 A b,1.1133,2.8582,2.588,2.0472,0.27024,0.81106,ExoRM
TOI-3688 A b,1.1166,2.4934,2.5857,2.0529,-0.092234,0.44055,ExoRM
TOI-3976 A b,1.089,1.7452,2.5838,2.0059,-0.83857,-0.26068,Forecaster
TOI-3984 A b,0.89763,1.6435,1.7226,1.681,-0.079177,-0.037578,Forecaster
TOI-4463 A b,1.1226,2.402,2.5816,2.0629,-0.17956,0.33911,ExoRM
TOI-5293 A b,1.0755,2.2315,2.5455,1.9831,-0.31399,0.24837,Forecaster
TOI-5688 A b,1.0128,2.0934,2.2701,1.8766,-0.1767,0.21679,ExoRM
TOI-6038 A b,0.80686,1.8949,1.5879,1.5269,0.30702,0.36795,ExoRM
TOI-6383 A b,1.0527,2.5198,2.4802,1.9443,0.039596,0.57553,ExoRM
TRAPPIST-1 b,0.049606,0.007321,0.15731,0.1654,-0.14999,-0.15808,ExoRM
TRAPPIST-1 c,0.040207,0.11661,0.13027,0.13171,-0.013664,-0.015101,ExoRM
TRAPPIST-1 d,-0.10347,-0.41117,-0.28308,-0.38328,-0.12809,-0.027893,Forecaster
TRAPPIST-1 e,-0.036212,-0.15989,-0.089577,-0.14219,-0.070317,-0.0177,Forecaster
TRAPPIST-1 f,0.019532,-0.029653,0.070792,0.057605,-0.10045,-0.087258,Forecaster
TRAPPIST-1 g,0.059942,0.059942,0.18705,0.20244,-0.12711,-0.1425,ExoRM
TRAPPIST-1 h,-0.11182,-0.48017,-0.3071,-0.41319,-0.17308,-0.06698,Forecaster
WASP-160 B b,1.087,1.9462,2.5781,2.0025,-0.63189,-0.056296,Forecaster
WASP-173 A b,1.1287,3.0692,2.5773,2.0734,0.49193,0.99579,ExoRM
WASP-180 A b,1.143,2.4564,2.5641,2.0976,-0.10764,0.35883,ExoRM
HD 202772 A b,1.2385,2.5095,2.428,4.6407,0.081471,-2.1312,ExoRM
Kepler-1514 b,1.0941,3.2248,2.5984,2.0146,0.6264,1.2102,ExoRM
Kepler-1658 b,1.079,3.2716,2.5552,1.9889,0.7164,1.2827,ExoRM
Kepler-1704 b,1.0773,3.1213,2.5505,1.9861,0.57076,1.1352,ExoRM
Kepler-1705 b,0.3075,0.65031,0.89924,0.67911,-0.24893,-0.028803,Forecaster
Kepler-1705 c,0.31175,0.734,0.91149,0.68634,-0.17749,0.04766,Forecaster
OGLE-TR-111 b,1.0818,2.2346,2.5633,1.9937,-0.32867,0.2409,Forecaster
OGLE-TR-113 b,1.083,2.6325,2.5667,1.9957,0.065824,0.63679,ExoRM
OGLE-TR-132 b,1.1214,2.5591,2.5823,2.061,-0.023232,0.49807,ExoRM
OGLE-TR-182 b,1.2169,2.5316,2.4528,4.6162,0.078804,-2.0846,ExoRM
OGLE2-TR-L9 b,1.2564,3.1554,2.442,4.661,0.71336,-1.5057,ExoRM
TIC 4672985 b,1.0607,3.6074,2.5031,1.9579,1.1042,1.6494,ExoRM
TIC 46432937 b,1.1244,3.0073,2.5803,2.066,0.42704,0.94133,ExoRM
TIC 139270665 b,0.85913,2.1678,1.6655,1.6157,0.50231,0.55211,ExoRM
TIC 172900988 b,1.0531,2.9227,2.4813,1.945,0.4414,0.97777,ExoRM
TIC 237913194 b,1.0976,2.7904,2.5988,2.0206,0.19166,0.76987,ExoRM
TIC 241249530 b,1.1237,3.1994,2.5808,2.0648,0.61861,1.1346,ExoRM
TIC 257060897 b,1.2228,2.3283,2.4461,4.6229,-0.11779,-2.2946,ExoRM
TIC 279401253 b,1.0496,3.2904,2.4713,1.939,0.81906,1.3514,ExoRM
TIC 393818343 b,1.0858,3.1397,2.5747,2.0005,0.56497,1.1392,ExoRM
CFHTWIR-Oph 98 b,1.3191,3.3943,2.5732,4.7322,0.82109,-1.3379,ExoRM
EPIC 201595106 b,0.19451,0.8848,0.5742,0.48729,0.3106,0.3975,ExoRM
EPIC 220674823 b,0.2335,0.88762,0.68637,0.55349,0.20125,0.33413,ExoRM
EPIC 229004835 b,0.36773,1.017,0.96861,0.78137,0.048428,0.23566,ExoRM
EPIC 249893012 b,0.29003,0.94201,0.849,0.64946,0.093006,0.29254,ExoRM
EPIC 249893012 c,0.56467,1.1664,1.215,1.1157,-0.048527,0.050698,ExoRM
EPIC 249893012 d,0.5955,1.0077,1.2638,1.1681,-0.25608,-0.16033,Forecaster
2MASS J02192210-3925225 b,1.2079,3.6452,2.463,4.606,1.1822,-0.96084,Forecaster
