pl_name,Radius,ExoRM Prediction,Forecaster Prediction
K2-4 b,2.1,7.0592,5.0595
K2-5 b,1.5,4.2969,2.8577
K2-5 c,1.92,6.2181,4.3454
K2-6 b,2.3122,8.0898,5.9576
K2-7 b,4.0352,19.028,15.335
K2-8 b,3.32,13.765,11.011
K2-8 c,2.41,8.5787,6.3919
K2-9 b,1.6,4.7338,3.1886
K2-11 b,2.42,8.6292,6.437
K2-13 b,2.7,10.076,7.752
K2-14 b,7.49,46.009,43.826
K2-15 b,2.48,8.9336,6.7103
K2-16 b,1.96,6.4023,4.5002
K2-16 c,2.19,7.4914,5.4331
K2-17 b,2.03,6.7284,4.7765
K2-21 b,1.84,5.8385,4.0425
K2-21 c,2.49,8.9847,6.7563
K2-26 b,2.58,9.4479,7.1761
K2-28 b,2.32,8.1287,5.992
K2-35 b,1.32,2.9517,2.3001
K2-35 c,1.93,6.264,4.3839
K2-37 b,1.5257,4.4079,2.9414
K2-37 c,2.65,9.8129,7.5098
K2-37 d,2.59,9.4998,7.2234
K2-42 b,2.15,7.2984,5.2657
K2-43 b,4.51,22.815,18.523
K2-43 c,2.42,8.6292,6.437
K2-44 b,2.433,8.6949,6.4958
K2-45 b,6.71,34.866,36.362
K2-46 b,2.05,6.8225,4.8567
K2-47 b,1.89,6.0782,4.2308
K2-48 b,2.24,7.7347,5.6454
K2-49 b,1.93,6.264,4.3839
K2-50 b,1.59,4.6895,3.1548
K2-52 b,18.0,340.46,45686.0
K2-53 b,2.6,9.5518,7.2708
K2-54 b,2.6117,9.6126,7.3264
K2-55 b,4.38,22.477,17.625
K2-57 b,2.3091,8.0744,5.944
K2-58 b,2.5943,9.5219,7.2436
K2-58 c,1.6251,4.8458,3.2741
K2-58 d,1.7522,5.4255,3.7206
K2-59 b,2.41,8.5787,6.3919
K2-59 c,2.3,8.0296,5.9045
K2-61 b,1.9328,6.2771,4.3949
K2-62 b,1.9256,6.2438,4.367
K2-62 c,1.8907,6.0816,4.2334
K2-63 b,3.22,13.107,10.454
K2-63 c,3.9,17.569,14.473
K2-64 b,2.07,6.9169,4.9374
K2-65 b,1.3816,3.5098,2.4854
K2-68 b,1.8283,5.7829,3.999
K2-69 b,2.32,8.1287,5.992
K2-70 b,2.7504,10.343,7.9992
K2-71 b,2.15,7.2984,5.2657
K2-72 b,1.08,1.3781,1.2806
K2-72 c,1.16,1.8075,1.6544
K2-72 d,1.01,1.0687,1.0071
K2-72 e,1.29,2.705,2.2121
K2-73 b,2.45,8.781,6.5731
K2-74 b,2.31,8.0791,5.9482
K2-75 b,2.5486,9.2856,7.0286
K2-75 c,2.6262,9.6885,7.3959
K2-80 b,2.1133,7.1225,5.1139
K2-80 c,1.4891,4.2503,2.8226
K2-80 d,2.5521,9.3037,7.045
K2-81 b,1.97,6.4486,4.5393
K2-83 b,1.71,5.2306,3.5696
K2-83 c,2.11,7.1069,5.1005
K2-84 b,2.41,8.5787,6.3919
K2-84 c,2.03,6.7284,4.7765
K2-85 b,1.2,2.0557,1.8681
K2-86 b,1.9752,6.4727,4.5597
K2-87 b,7.6,47.779,44.925
K2-88 b,2.3,8.0296,5.9045
K2-89 b,1.08,1.3781,1.2806
K2-90 b,2.6,9.5518,7.2708
K2-90 c,1.3,2.7855,2.2413
K2-91 b,1.22,2.1888,1.9821
K2-95 b,3.31,13.699,10.955
GJ 238 b,0.566,0.11865,0.12637
K2-101 b,2.0,6.5881,4.6573
K2-102 b,1.3,2.7855,2.2413
K2-104 b,1.79,5.6021,3.8578
K2-116 b,0.69,0.25165,0.25704
K2-117 b,2.03,6.7284,4.7765
K2-117 c,2.06,6.8696,4.897
K2-118 b,2.54,9.2412,6.9883
K2-119 b,2.29,7.9803,5.861
K2-121 b,7.5,46.169,43.926
K2-122 b,1.28,2.6263,2.1831
K2-123 b,2.65,9.8129,7.5098
K2-124 b,2.9,11.149,8.7519
K2-125 b,2.18,7.443,5.3911
K2-126 b,1.84,5.8385,4.0425
K2-127 b,8.37,67.978,52.923
K2-128 b,1.2031,2.0761,1.8856
K2-129 b,1.04,1.1942,1.1185
K2-130 b,1.0618,1.2921,1.2049
K2-133 b,1.34,3.125,2.3596
K2-133 c,1.603,4.7472,3.1988
K2-133 d,2.003,6.6021,4.6691
K2-133 e,1.73,5.3226,3.6408
K2-147 b,1.4729,4.1807,2.7704
K2-148 b,1.33,3.0374,2.3298
K2-148 c,1.73,5.3226,3.6408
K2-148 d,1.64,4.9126,3.3251
K2-149 b,1.64,4.9126,3.3251
K2-150 b,2.0,6.5881,4.6573
K2-151 b,1.49,4.2539,2.8254
K2-152 b,2.29,7.9803,5.861
K2-153 b,2.0,6.5881,4.6573
K2-154 b,1.99,6.5415,4.6178
K2-154 c,2.07,6.9169,4.9374
K2-155 b,1.8,5.6491,3.8944
K2-155 c,1.95,6.3561,4.4613
K2-155 d,1.64,4.9126,3.3251
K2-156 b,1.1,1.4775,1.3676
K2-158 b,2.64,9.7605,7.4618
K2-158 c,1.28,2.6263,2.1831
K2-159 b,2.26,7.8326,5.7312
K2-160 b,3.1782,12.837,10.225
K2-161 b,6.1172,29.694,31.078
K2-162 b,1.44,4.0415,2.6663
K2-163 b,2.4661,8.8629,6.6466
K2-164 b,3.2493,13.299,10.616
K2-165 b,1.2744,2.5832,2.167
K2-165 c,1.5541,4.5315,3.0348
K2-165 d,2.6481,9.8029,7.5007
K2-166 b,2.19,7.4914,5.4331
K2-168 b,2.1445,7.2718,5.2427
K2-169 b,1.2733,2.5744,2.1637
K2-170 b,1.4182,3.8754,2.5981
K2-170 c,1.8018,5.6574,3.9009
K2-171 b,2.6866,10.005,7.6866
K2-172 b,1.6661,5.0303,3.4154
K2-172 c,3.2057,13.014,10.375
K2-173 b,1.6083,4.7706,3.2166
K2-174 b,2.6,9.5518,7.2708
K2-175 b,2.038,6.7662,4.8087
K2-176 b,1.4909,4.2578,2.8283
K2-177 b,2.1162,7.1365,5.126
K2-178 b,3.5579,14.843,12.384
K2-179 b,2.5127,9.1008,6.8611
K2-181 b,2.8359,10.801,8.4259
K2-183 b,1.1,1.4775,1.3676
K2-183 c,2.3,8.0296,5.9045
K2-183 d,2.5411,9.247,6.9935
K2-184 b,1.47,4.1685,2.7613
K2-185 b,1.15,1.7491,1.6038
K2-185 c,2.39,8.4781,6.3021
K2-186 b,3.1721,12.797,10.191
K2-187 b,1.3834,3.5265,2.4907
K2-187 c,1.8,5.6491,3.8944
K2-187 d,3.17,12.783,10.18
K2-187 e,2.38,8.4279,6.2574
K2-188 b,1.35,3.2145,2.3896
K2-188 c,2.83,10.77,8.3963
K2-189 b,1.52,4.3831,2.9227
K2-189 c,2.5,9.0358,6.8025
K2-190 b,1.3567,3.2758,2.4099
K2-190 c,1.0931,1.4426,1.337
K2-191 b,1.5789,4.6404,3.1175
K2-192 b,1.5748,4.6223,3.1037
K2-193 b,3.95,18.1,14.789
K2-194 b,3.6423,15.09,12.887
K2-195 b,3.13,12.526,9.9627
K2-195 c,2.5758,9.4262,7.1564
K2-196 b,3.5997,14.966,12.632
K2-197 b,2.5015,9.0436,6.8095
K2-198 b,4.189,20.768,16.34
K2-198 c,1.423,3.9257,2.6131
K2-198 d,2.438,8.7202,6.5185
K2-200 b,1.3644,3.3465,2.433
K2-201 b,1.4001,3.6909,2.542
K2-201 c,3.2857,13.538,10.819
K2-202 b,2.3017,8.0378,5.9117
K2-203 b,1.2655,2.5151,2.1412
K2-204 b,3.1721,12.797,10.192
K2-205 b,1.9955,6.5672,4.6396
K2-206 b,2.7952,10.583,8.2219
K2-207 b,2.6059,9.5822,7.2987
K2-208 b,1.6746,5.069,3.4452
K2-209 b,0.8685,0.60262,0.58633
K2-210 b,0.81864,0.4815,0.47436
K2-211 b,1.3316,3.0516,2.3346
K2-212 b,2.52,9.1383,6.8951
K2-213 b,1.514,4.3571,2.9031
K2-214 b,2.43,8.6797,6.4822
K2-215 b,2.1238,7.1728,5.1573
K2-217 b,3.5785,14.903,12.506
K2-218 b,2.5695,9.3934,7.1265
K2-219 b,1.3476,3.1931,2.3825
K2-219 c,1.4384,4.0348,2.6613
K2-219 d,2.5763,9.429,7.1589
K2-220 b,2.39,8.4781,6.3021
K2-221 b,1.6789,5.0885,3.4601
K2-223 b,0.90974,0.71863,0.69238
K2-223 c,1.57,4.6013,3.0878
K2-224 b,1.56,4.5574,3.0544
K2-224 c,2.41,8.5787,6.3919
K2-225 b,3.49,14.642,11.985
K2-226 b,1.539,4.4656,2.9849
K2-227 b,1.6655,5.0277,3.4134
K2-228 b,1.21,2.1215,1.9245
K2-230 b,1.96,6.4023,4.5002
K2-231 b,2.5,9.0358,6.8025
K2-239 b,1.1,1.4775,1.3676
K2-239 c,1.0,1.029,0.97185
K2-239 d,1.1,1.4775,1.3676
K2-240 b,2.0,6.5881,4.6573
K2-240 c,1.8,5.6491,3.8944
K2-241 b,2.55,9.2927,7.035
K2-242 b,2.54,9.2412,6.9883
K2-243 b,2.17,7.3947,5.3492
K2-243 c,2.01,6.6347,4.6969
K2-244 b,1.75,5.4153,3.7126
K2-245 b,4.34,22.373,17.353
K2-246 b,3.49,14.642,11.985
K2-247 b,2.12,7.1546,5.1416
K2-247 c,2.19,7.4914,5.4331
K2-248 b,2.57,9.3961,7.129
K2-249 b,2.79,10.555,8.1958
K2-250 b,2.7126,10.143,7.8134
K2-251 b,2.35,8.2779,6.1241
K2-252 b,1.74,5.3689,3.6766
K2-253 b,12.67,366.84,
K2-254 b,1.63,4.8677,3.2908
K2-254 c,2.19,7.4914,5.4331
K2-255 b,2.9,11.149,8.7519
K2-257 b,0.83,0.50734,0.49837
K2-258 b,3.0,11.704,9.2704
K2-259 b,2.32,8.1287,5.992
K2-264 b,2.231,7.6907,5.6069
K2-264 c,2.77,10.448,8.0963
K2-268 b,1.5,4.2969,2.8577
K2-268 c,2.69,10.023,7.7033
K2-268 d,1.49,4.2539,2.8254
K2-268 e,1.33,3.0374,2.3298
K2-268 f,2.23,7.6858,5.6027
K2-269 b,1.57,4.6013,3.0878
K2-270 b,1.38,3.4941,2.4805
K2-270 c,2.95,11.422,9.0096
K2-271 b,7.28,42.744,41.761
K2-272 b,2.91,11.203,8.8032
K2-273 b,3.05,12.018,9.5343
K2-274 b,2.08,6.9642,4.978
K2-275 b,2.24,7.7347,5.6454
K2-275 c,2.21,7.5884,5.5176
K2-276 b,3.77,16.229,13.663
K2-277 b,2.07,6.9169,4.9374
K2-278 b,2.98,11.587,9.1657
K2-279 b,1.21,2.1215,1.9245
K2-281 b,8.18,62.383,50.899
K2-282 b,2.82,10.716,8.3459
K2-283 b,3.52,14.731,12.161
K2-284 b,2.78,10.501,8.146
K2-286 b,2.1,7.0592,5.0595
K2-289 b,9.1,96.331,60.996
K2-293 b,2.45,8.781,6.5731
K2-294 b,1.66,5.0027,3.3942
K2-308 b,9.916,163.7,70.57
K2-315 b,0.95,0.84701,0.80864
K2-316 b,1.33,3.0374,2.3298
K2-316 c,1.83,5.791,4.0053
K2-317 b,2.93,11.312,8.9062
K2-318 b,1.66,5.0027,3.3942
K2-319 b,2.79,10.555,8.1958
K2-320 b,2.62,9.656,7.3661
K2-321 b,1.95,6.3561,4.4613
K2-322 b,1.92,6.2181,4.3454
K2-323 b,2.1,7.0592,5.0595
K2-324 b,2.43,8.6797,6.4822
K2-325 b,2.2,7.5399,5.4753
K2-326 b,2.28,7.931,5.8176
K2-330 b,2.77,10.448,8.0963
K2-331 b,1.79,5.6021,3.8578
K2-331 c,2.72,10.182,7.8497
K2-332 b,2.2,7.5399,5.4753
K2-333 b,6.18,30.226,31.621
K2-334 b,5.65,27.0,27.156
K2-335 b,2.21,7.5884,5.5176
K2-336 b,1.22,2.1888,1.9821
K2-337 b,2.62,9.656,7.3661
K2-338 b,1.03,1.1512,1.0805
K2-339 b,1.92,6.2181,4.3454
K2-340 b,3.36,14.031,11.237
K2-341 b,3.21,13.042,10.399
K2-342 b,2.03,6.7284,4.7765
K2-343 b,1.65,4.9576,3.3596
K2-343 c,2.02,6.6815,4.7366
K2-344 b,1.59,4.6895,3.1548
K2-345 b,2.11,7.1069,5.1005
K2-346 b,2.26,7.8326,5.7312
K2-347 b,2.41,8.5787,6.3919
K2-348 b,3.26,13.369,10.675
K2-348 c,2.67,9.9179,7.6063
K2-349 b,1.38,3.4941,2.4805
K2-350 b,1.54,4.47,2.9883
K2-350 c,2.74,10.288,7.948
K2-351 b,2.54,9.2412,6.9883
K2-352 b,1.37,3.399,2.45
K2-352 c,1.92,6.2181,4.3454
K2-352 d,2.23,7.6858,5.6027
K2-353 b,5.55,26.511,26.345
K2-354 b,1.56,4.5574,3.0544
K2-355 b,2.25,7.7836,5.6883
K2-356 b,2.29,7.9803,5.861
K2-357 b,3.72,15.729,13.357
K2-358 b,2.68,9.9705,7.6547
K2-365 b,2.906,11.182,8.7827
K2-366 b,2.359,8.3228,6.164
K2-367 b,2.413,8.5938,6.4054
K2-368 b,1.332,3.0548,2.3358
K2-368 c,1.361,3.315,2.4228
K2-368 d,1.948,6.3469,4.4536
K2-369 b,1.313,2.8927,2.2795
K2-370 b,3.207,13.023,10.382
K2-371 b,13.024,384.13,
K2-372 b,2.945,11.395,8.9837
K2-373 b,2.061,6.8743,4.901
K2-374 b,1.593,4.7028,3.1649
K2-374 c,2.213,7.603,5.5304
K2-375 b,2.243,7.7494,5.6582
K2-376 b,1.736,5.3504,3.6623
K2-377 b,1.693,5.1527,3.5096
K2-378 b,2.88,11.04,8.6497
K2-379 b,2.181,7.4478,5.3953
K2-380 b,2.729,10.23,7.8939
K2-381 b,1.075,1.3541,1.2594
K2-381 c,2.0,6.5881,4.6573
K2-381 d,1.689,5.1345,3.4955
K2-382 b,2.072,6.9264,4.9455
K2-383 b,1.564,4.5749,3.0677
K2-384 b,1.076,1.3589,1.2636
K2-384 c,1.191,1.9978,1.8184
K2-384 d,1.392,3.6108,2.5172
K2-384 e,1.345,3.1695,2.3746
K2-384 f,2.222,7.6468,5.5686
K2-385 b,1.539,4.4656,2.985
K2-386 b,2.32,8.1287,5.992
K2-387 b,7.322,43.386,42.17
K2-388 b,3.66,15.142,12.993
K2-389 b,2.184,7.4623,5.4079
K2-389 c,2.04,6.7754,4.8165
K2-390 b,4.662,23.203,19.595
K2-391 b,1.371,3.4084,2.4531
K2-392 b,1.85,5.8862,4.0799
K2-393 b,2.352,8.2879,6.133
K2-394 b,1.692,5.1482,3.5061
K2-395 b,2.597,9.5362,7.2566
K2-395 c,3.395,14.266,11.437
K2-396 b,1.579,4.6409,3.1179
K2-396 c,3.124,12.488,9.9303
K2-397 b,2.417,8.614,6.4235
K2-398 b,2.274,7.9014,5.7916
K2-398 c,5.098,24.304,22.807
K2-400 b,1.163,1.8253,1.6697
K2-401 b,2.262,7.8425,5.7399
K2-402 b,2.678,9.96,7.645
K2-403 b,5.333,25.451,24.62
K2-404 b,2.53,9.1897,6.9416
K2-405 b,4.569,22.966,18.936
K2-406 b,4.602,23.051,19.169
K2-407 b,1.283,2.6497,2.1918
K2-407 c,1.36,3.3058,2.4197
K2-408 b,1.677,5.0798,3.4535
K2-409 b,2.482,8.9438,6.7195
K2-411 b,0.9898,0.98977,0.93678
K2-412 b,2.116,7.1355,5.1251
K2-413 b,0.7599,0.36296,0.36325
K2-413 c,1.2327,2.2766,2.0479
K2-414 b,1.219,2.182,1.9763
K2-414 c,1.9287,6.258,4.3789
KOI-217 b,12.442,355.86,
KOI-351 b,1.3,2.7855,2.2413
KOI-351 c,1.445,4.0626,2.6821
KOI-351 d,2.866,10.964,8.5784
KOI-351 e,2.612,9.6142,7.3279
KOI-351 f,2.77,10.448,8.0963
KOI-984 b,4.3,22.079,17.082
LHS 475 b,0.991,0.99434,0.94086
TOI-122 b,2.72,10.182,7.8497
TOI-139 b,2.4566,8.8145,6.6032
TOI-198 b,1.44,4.0415,2.6663
TOI-206 b,1.3,2.7855,2.2413
TOI-237 b,1.44,4.0415,2.6663
TOI-262 b,2.07,6.9169,4.9374
TOI-277 b,2.65,9.8129,7.5098
TOI-444 b,2.77,10.448,8.0963
TOI-451 b,1.91,6.1723,4.3071
TOI-451 c,3.1,12.335,9.8011
TOI-451 d,4.07,19.414,15.56
TOI-470 b,4.34,22.373,17.353
TOI-540 b,0.903,0.69864,0.67418
TOI-620 b,3.76,16.128,13.602
TOI-672 b,5.2604,25.096,24.054
TOI-700 b,0.914,0.73149,0.70408
TOI-700 c,2.6,9.5518,7.2708
TOI-700 d,1.073,1.3445,1.2511
TOI-700 e,0.953,0.8572,0.81783
TOI-712 b,2.049,6.8177,4.8527
TOI-712 c,2.701,10.081,7.7568
TOI-712 d,2.474,8.903,6.6828
TOI-715 b,1.55,4.5136,3.0213
TOI-813 b,6.7254,35.005,36.504
TOI-833 b,1.27,2.5493,2.1542
TOI-871 b,1.664,5.0208,3.4081
TOI-904 b,2.426,8.6595,6.4641
TOI-904 c,2.167,7.3802,5.3366
TOI-913 b,2.4528,8.7952,6.5858
HD 15906 b,2.24,7.7347,5.6454
HD 15906 c,2.93,11.312,8.9062
HD 56414 b,3.71,15.631,13.296
HD 63433 d,1.073,1.3445,1.2511
K2-288 B b,1.9,6.1266,4.2689
KOI-4978 b,0.7,0.26578,0.27064
KOI-7368 b,2.22,7.6371,5.5601
KOI-7913 b,2.34,8.2281,6.0799
LHS 1678 d,0.981,0.95679,0.90727
LHS 3844 b,1.303,2.81,2.2501
TOI-1224 b,2.104,7.0783,5.0759
TOI-1224 c,2.884,11.062,8.6701
TOI-1227 b,9.5725,131.67,66.469
TOI-128.01,2.219,7.6321,5.5557
TOI-1442 b,1.17,1.8674,1.7061
TOI-1680 b,1.466,4.1515,2.7486
TOI-1693 b,1.41,3.7913,2.5727
TOI-1739 b,1.695,5.1619,3.5166
TOI-1859 b,9.7518,147.66,68.597
TOI-1860 b,1.31,2.8677,2.2706
TOI-1883 b,5.65,27.0,27.156
TOI-2048 b,2.61,9.6038,7.3184
TOI-2068 b,1.821,5.7483,3.9719
TOI-2076 e,1.355,3.2599,2.4046
TOI-2081 b,2.04,6.7754,4.8165
TOI-2084 b,2.47,8.8827,6.6644
TOI-2096 b,1.243,2.3496,2.077
TOI-2096 c,1.914,6.1906,4.3224
TOI-2194 b,1.9892,6.5377,4.6147
TOI-2257 b,2.194,7.5108,5.45
TOI-2260 b,1.62,4.8229,3.2566
TOI-2266 b,1.54,4.47,2.9883
TOI-2274 b,2.45,8.781,6.5731
TOI-2411 b,1.68,5.0935,3.464
TOI-2427 b,1.8,5.6491,3.8944
TOI-2445 b,1.25,2.4002,2.0969
TOI-2459 b,2.9531,11.439,9.0257
TOI-261.01,3.045,11.986,9.5077
TOI-2768 b,2.63,9.7082,7.4138
TOI-3082 b,3.6621,15.162,13.006
TOI-4184 b,2.43,8.6797,6.4822
TOI-4308 b,2.4189,8.6236,6.4321
TOI-4342 b,2.266,7.8621,5.7571
TOI-4342 c,2.415,8.6039,6.4145
TOI-4364 b,2.01,6.6347,4.6969
TOI-4479 b,2.82,10.716,8.3459
TOI-4504 b,2.691,10.029,7.7082
TOI-4559 b,1.415,3.8426,2.5882
TOI-5126 b,4.74,23.4,20.155
TOI-5126 c,3.86,17.15,14.222
TOI-5143 c,16.253,382.71,40687.0
TOI-5319 b,2.83,10.77,8.3963
TOI-5704 b,3.2274,13.156,10.495
TOI-5713 b,1.77,5.5084,3.7849
TOI-5799 b,1.625,4.8453,3.2736
TOI-5803 b,3.2732,13.456,10.749
TOI-6002 b,1.65,4.9576,3.3596
TOI-6086 b,1.18,1.9287,1.7589
TOI-6478 b,4.6,23.045,19.155
TOI-654.01,2.3713,8.3841,6.2185
TOI-880.02,2.7779,10.49,8.1356
TOI-907.01,9.6159,135.4,66.982
HD 101581 b,0.956,0.86749,0.82709
HD 101581 c,0.99,0.99053,0.93746
HD 108236 b,1.615,4.8006,3.2395
HD 108236 c,2.071,6.9216,4.9414
HD 108236 d,2.539,9.236,6.9836
HD 108236 e,3.083,12.227,9.7101
HD 108236 f,2.017,6.6675,4.7247
HD 109833 b,2.888,11.084,8.6905
HD 109833 c,2.59,9.4998,7.2234
HD 110082 b,3.2,12.977,10.344
HIP 41378 b,2.9,11.149,8.7519
HIP 41378 c,2.56,9.3444,7.0819
HIP 41378 d,3.96,18.208,14.853
HIP 41378 e,5.51,26.316,26.024
HIP 41378 f,10.2,189.82,74.036
HIP 67522 b,9.9872,170.86,71.432
HIP 67522 c,7.936,55.7,48.348
Kepler-26 d,1.36,3.3058,2.4197
Kepler-26 e,2.572,9.4065,7.1384
Kepler-33 b,1.807,5.6821,3.9202
Kepler-46 d,1.712,5.2398,3.5767
Kepler-55 d,1.69,5.139,3.4991
Kepler-55 e,1.699,5.1802,3.5307
Kepler-55 f,1.59,4.6895,3.1548
Kepler-61 b,2.696,10.055,7.7325
Kepler-66 b,2.93,11.312,8.9062
Kepler-67 b,2.83,10.77,8.3963
Kepler-69 b,2.903,11.165,8.7673
Kepler-69 c,2.247,7.7689,5.6754
Kepler-81 d,1.28,2.6263,2.1831
Kepler-84 d,1.45,4.0837,2.6978
Kepler-84 e,2.54,9.2412,6.9883
Kepler-84 f,2.3,8.0296,5.9045
Kepler-90 i,1.32,2.9517,2.3001
LP 791-18 b,1.212,2.1348,1.9359
TOI-1301.01,2.477,8.9183,6.6965
TOI-1630.01,2.417,8.614,6.4235
TOI-1659.01,2.255,7.8081,5.7097
TOI-1683.01,2.6382,9.7511,7.4531
TOI-1716.01,3.143,12.61,10.033
TOI-1744.01,2.68,9.9705,7.6547
TOI-1768.01,3.453,14.532,11.77
TOI-1772.01,2.905,11.176,8.7775
TOI-1777.01,2.246,7.764,5.6711
TOI-1782.01,2.368,8.3678,6.204
TOI-1782.02,1.839,5.8338,4.0388
TOI-1806.01,3.4095,14.364,11.52
TOI-2211.01,1.561,4.5617,3.0578
TOI-3353.01,2.6668,9.9008,7.5906
TOI-4443.01,1.7193,5.2734,3.6028
TOI-4495.01,3.6305,15.056,12.816
TOI-4527.01,0.90866,0.71541,0.68945
TOI-4602.01,2.5504,9.2951,7.0371
TOI-4638.01,2.933,11.329,8.9216
TOI-5082.01,2.5481,9.283,7.0262
TOI-5388.01,1.8943,6.0988,4.247
TOI-5726.01,2.554,9.3134,7.0538
TOI-6054.01,2.642,9.771,7.4714
TOI-6054.02,2.864,10.953,8.5682
HIP 113103 b,1.829,5.7862,4.0016
HIP 113103 c,2.4,8.5284,6.347
Kepler-108 b,9.56,130.62,66.322
Kepler-108 c,8.23,63.821,51.429
Kepler-110 b,1.979,6.4903,4.5746
Kepler-110 c,2.379,8.4229,6.253
Kepler-111 b,1.519,4.3788,2.9194
Kepler-112 b,2.562,9.3547,7.0913
Kepler-112 c,2.603,9.5674,7.2851
Kepler-115 b,1.0,1.029,0.97185
Kepler-115 c,2.72,10.182,7.8497
Kepler-116 b,3.191,12.919,10.295
Kepler-116 c,2.422,8.6393,6.4461
Kepler-118 b,1.343,3.1517,2.3686
Kepler-118 c,5.899,28.219,29.219
Kepler-119 b,4.283,21.875,16.968
Kepler-119 c,1.067,1.3162,1.2262
Kepler-120 c,2.038,6.766,4.8085
Kepler-121 b,2.78,10.501,8.146
Kepler-121 c,3.06,12.081,9.5874
Kepler-122 b,2.423,8.6443,6.4506
Kepler-122 c,6.017,28.855,30.218
Kepler-122 d,2.328,8.1684,6.0271
Kepler-123 c,1.572,4.6101,3.0944
Kepler-124 b,0.8,0.44118,0.43677
Kepler-124 c,1.75,5.4153,3.7126
Kepler-124 d,1.11,1.5292,1.4127
Kepler-125 b,2.726,10.214,7.8791
Kepler-125 c,0.861,0.5831,0.56837
Kepler-127 b,1.5,4.2969,2.8577
Kepler-127 c,2.39,8.4781,6.3021
Kepler-127 d,2.54,9.2412,6.9883
Kepler-130 b,1.04,1.1942,1.1185
Kepler-130 c,2.877,11.024,8.6344
Kepler-130 d,1.379,3.4845,2.4774
Kepler-132 b,1.07,1.3303,1.2386
Kepler-132 c,1.31,2.8677,2.2706
Kepler-132 d,1.43,3.9995,2.635
Kepler-132 e,1.18,1.9287,1.7589
Kepler-133 b,2.381,8.4329,6.2619
Kepler-133 c,3.181,12.854,10.24
Kepler-134 b,1.634,4.8856,3.3045
Kepler-134 c,1.031,1.1555,1.0842
Kepler-135 b,1.91,6.1723,4.3071
Kepler-135 c,1.18,1.9287,1.7589
Kepler-136 c,2.168,7.3851,5.3408
Kepler-137 b,1.69,5.139,3.4991
Kepler-137 c,2.13,7.2025,5.1828
Kepler-140 b,1.506,4.3227,2.8771
Kepler-140 c,1.708,5.2214,3.5626
Kepler-141 b,0.69,0.25165,0.25704
Kepler-141 c,1.41,3.7913,2.5727
Kepler-142 b,1.768,5.4991,3.7776
Kepler-142 c,2.507,9.0717,6.8348
Kepler-142 d,1.526,4.4091,2.9423
Kepler-143 b,3.063,12.1,9.6033
Kepler-143 c,3.329,13.825,11.062
Kepler-144 b,1.311,2.876,2.2736
Kepler-144 c,1.309,2.8594,2.2677
Kepler-146 b,3.194,12.939,10.311
Kepler-146 c,2.763,10.411,8.0616
Kepler-147 b,1.453,4.0964,2.7073
Kepler-147 c,3.262,13.382,10.686
Kepler-148 b,1.77,5.5084,3.7849
Kepler-148 c,3.339,13.891,11.118
Kepler-148 d,8.481,71.413,54.12
Kepler-149 b,4.371,22.454,17.564
Kepler-149 c,1.753,5.4292,3.7234
Kepler-149 d,3.84,16.943,14.097
Kepler-150 b,1.29,2.705,2.2121
Kepler-150 c,3.291,13.573,10.848
Kepler-150 d,2.637,9.7448,7.4474
Kepler-150 e,2.88,11.04,8.6497
Kepler-150 f,3.64,15.084,12.873
Kepler-151 b,3.01,11.767,9.3229
Kepler-151 c,2.09,7.0117,5.0187
Kepler-152 b,3.05,12.018,9.5343
Kepler-152 c,2.55,9.2927,7.035
Kepler-153 b,2.402,8.5384,6.3559
Kepler-153 c,2.26,7.8326,5.7312
Kepler-154 b,2.605,9.5778,7.2946
Kepler-154 c,3.358,14.018,11.226
Kepler-154 d,3.84,16.943,14.097
Kepler-154 e,1.652,4.9666,3.3665
Kepler-154 f,1.453,4.0964,2.7073
Kepler-155 b,2.43,8.6797,6.4822
Kepler-155 c,2.21,7.5884,5.5176
Kepler-156 b,2.3,8.0296,5.9045
Kepler-156 c,2.38,8.4279,6.2574
Kepler-157 b,1.462,4.1345,2.7359
Kepler-157 c,2.32,8.1287,5.992
Kepler-157 d,1.46,4.1261,2.7295
Kepler-158 b,2.182,7.4527,5.3995
Kepler-158 c,1.895,6.1024,4.2498
Kepler-158 d,0.43,0.041811,0.047192
Kepler-159 b,2.22,7.6371,5.5601
Kepler-159 c,2.695,10.05,7.7276
Kepler-160 b,1.715,5.2535,3.5874
Kepler-160 c,3.76,16.128,13.602
Kepler-162 b,1.682,5.1026,3.471
Kepler-162 c,3.912,17.695,14.548
Kepler-163 b,1.15,1.7491,1.6038
Kepler-163 c,2.725,10.208,7.8742
Kepler-164 b,1.48,4.2112,2.7933
Kepler-164 c,2.69,10.023,7.7033
Kepler-164 d,2.47,8.8827,6.6644
Kepler-165 b,2.5,9.0358,6.8025
Kepler-165 c,2.25,7.7836,5.6883
Kepler-166 b,2.416,8.609,6.419
Kepler-166 c,2.523,9.1537,6.909
Kepler-166 d,1.667,5.0344,3.4186
Kepler-167 b,1.615,4.8006,3.2395
Kepler-167 c,1.548,4.5049,3.0147
Kepler-167 d,1.194,2.017,1.8348
Kepler-168 b,1.854,5.9053,4.0949
Kepler-168 c,3.343,13.918,11.141
Kepler-169 b,1.11,1.5292,1.4127
Kepler-169 c,1.19,1.9914,1.8129
Kepler-169 d,1.25,2.4002,2.0969
Kepler-169 e,2.3,8.0296,5.9045
Kepler-169 f,2.55,9.2927,7.035
Kepler-170 c,2.73,10.235,7.8988
Kepler-171 b,2.723,10.198,7.8644
Kepler-171 c,2.98,11.587,9.1657
Kepler-171 d,2.204,7.5593,5.4922
Kepler-172 b,2.614,9.6247,7.3374
Kepler-172 c,2.917,11.241,8.8392
Kepler-172 d,2.25,7.7836,5.6883
Kepler-172 e,2.47,8.8827,6.6644
Kepler-173 b,1.512,4.3485,2.8966
Kepler-173 c,2.778,10.491,8.136
Kepler-174 b,2.14,7.2504,5.2242
Kepler-174 c,1.752,5.4245,3.7198
Kepler-174 d,2.36,8.3278,6.1684
Kepler-175 b,3.093,12.29,9.7636
Kepler-175 c,3.335,13.864,11.096
Kepler-178 b,2.4,8.5284,6.347
Kepler-178 c,2.49,8.9847,6.7563
Kepler-178 d,2.746,10.32,7.9775
Kepler-179 b,1.694,5.1573,3.5131
Kepler-179 c,2.731,10.24,7.9037
Kepler-180 b,1.32,2.9517,2.3001
Kepler-180 c,2.43,8.6797,6.4822
Kepler-181 b,1.395,3.6405,2.5264
Kepler-181 c,2.31,8.0791,5.9482
Kepler-182 b,3.358,14.018,11.226
Kepler-182 c,4.148,20.296,16.07
Kepler-183 b,2.447,8.7658,6.5594
Kepler-184 b,2.593,9.5154,7.2376
Kepler-184 d,2.497,9.0205,6.7886
Kepler-185 b,1.021,1.1135,1.047
Kepler-185 c,1.89,6.0782,4.2308
Kepler-186 b,1.179,1.9225,1.7536
Kepler-186 c,1.392,3.6108,2.5172
Kepler-186 d,1.738,5.3596,3.6694
Kepler-186 e,1.396,3.6504,2.5295
Kepler-187 b,1.45,4.0837,2.6978
Kepler-187 c,3.761,16.138,13.608
Kepler-188 b,1.574,4.6189,3.1011
Kepler-188 c,2.853,10.894,8.5124
Kepler-189 b,1.39,3.5912,2.511
Kepler-190 b,1.48,4.2112,2.7933
Kepler-190 c,1.48,4.2112,2.7933
Kepler-191 b,1.4,3.6902,2.5418
Kepler-191 c,2.19,7.4914,5.4331
Kepler-191 d,2.28,7.931,5.8176
Kepler-192 b,2.56,9.3444,7.0819
Kepler-192 c,2.669,9.9126,7.6015
Kepler-192 d,1.02,1.1094,1.0433
Kepler-193 b,2.162,7.3561,5.3157
Kepler-193 c,2.542,9.2515,6.9976
Kepler-194 b,1.443,4.0542,2.6758
Kepler-194 c,2.496,9.0153,6.784
Kepler-194 d,2.334,8.1982,6.0535
Kepler-195 b,2.202,7.5496,5.4838
Kepler-195 c,1.751,5.4199,3.7162
Kepler-196 b,1.89,6.0782,4.2308
Kepler-196 c,2.24,7.7347,5.6454
Kepler-197 b,1.112,1.5397,1.4218
Kepler-197 d,1.191,1.9978,1.8184
Kepler-197 e,0.91,0.71942,0.6931
Kepler-198 b,2.625,9.6821,7.3899
Kepler-198 c,2.65,9.8129,7.5098
Kepler-198 d,1.393,3.6207,2.5203
Kepler-199 b,2.96,11.477,9.0615
Kepler-199 c,3.15,12.655,10.071
Kepler-200 b,1.894,6.0976,4.246
Kepler-200 c,1.46,4.1261,2.7295
Kepler-201 b,2.63,9.7082,7.4138
Kepler-201 c,2.23,7.6858,5.6027
Kepler-202 b,1.552,4.5223,3.0279
Kepler-202 c,2.06,6.8696,4.897
Kepler-203 b,2.508,9.0768,6.8395
Kepler-204 b,2.241,7.7396,5.6497
Kepler-204 c,1.45,4.0837,2.6978
Kepler-205 b,1.649,4.9531,3.3562
Kepler-205 c,2.043,6.7895,4.8286
Kepler-206 b,1.22,2.1888,1.9821
Kepler-206 c,1.766,5.4897,3.7704
Kepler-206 d,1.236,2.2998,2.0572
Kepler-207 b,1.889,6.0734,4.227
Kepler-207 c,1.815,5.7199,3.9497
Kepler-207 d,3.96,18.208,14.853
Kepler-208 b,1.532,4.4352,2.9619
Kepler-208 c,1.384,3.5327,2.4927
Kepler-208 d,1.237,2.3068,2.06
Kepler-208 e,1.444,4.0584,2.6789
Kepler-209 b,2.29,7.9803,5.861
Kepler-209 c,2.915,11.231,8.8289
Kepler-210 b,2.91,11.203,8.8032
Kepler-210 c,4.29,21.959,17.015
Kepler-211 b,1.32,2.9517,2.3001
Kepler-212 b,1.001,1.033,0.97534
Kepler-212 c,3.242,13.251,10.575
Kepler-213 b,1.31,2.8677,2.2706
Kepler-213 c,1.85,5.8862,4.0799
Kepler-214 b,2.1,7.0592,5.0595
Kepler-214 c,1.98,6.495,4.5785
Kepler-215 b,1.49,4.2539,2.8254
Kepler-215 c,1.323,2.9772,2.309
Kepler-215 e,1.49,4.2539,2.8254
Kepler-216 b,2.765,10.421,8.0715
Kepler-216 c,3.851,17.056,14.165
Kepler-217 b,2.258,7.8228,5.7226
Kepler-217 c,1.954,6.3746,4.4769
Kepler-217 d,1.375,3.4463,2.4652
Kepler-218 b,1.483,4.224,2.8029
Kepler-218 c,3.14,12.59,10.017
Kepler-218 d,2.704,10.097,7.7715
Kepler-219 b,2.601,9.557,7.2756
Kepler-219 c,3.17,12.783,10.18
Kepler-220 b,0.77,0.38161,0.38085
Kepler-220 c,1.53,4.4265,2.9554
Kepler-220 d,0.98,0.95309,0.90396
Kepler-220 e,1.321,2.9602,2.3031
Kepler-222 b,3.246,13.277,10.598
Kepler-222 c,4.75,23.425,20.227
Kepler-222 d,3.513,14.71,12.12
Kepler-224 b,1.55,4.5136,3.0213
Kepler-224 c,3.42,14.434,11.58
Kepler-224 d,2.56,9.3444,7.0819
Kepler-224 e,2.02,6.6815,4.7366
Kepler-225 b,1.527,4.4135,2.9456
Kepler-225 c,2.531,9.1949,6.9463
Kepler-226 d,1.261,2.4814,2.1283
Kepler-227 b,2.316,8.1088,5.9744
Kepler-227 c,2.77,10.448,8.0963
Kepler-228 b,1.5,4.2969,2.8577
Kepler-228 c,3.268,13.422,10.72
Kepler-228 d,3.8,16.532,13.848
Kepler-229 b,2.49,8.9847,6.7563
Kepler-229 c,5.4,25.778,25.148
Kepler-229 d,3.74,15.928,13.479
Kepler-230 b,3.303,13.652,10.916
Kepler-230 c,2.19,7.4914,5.4331
Kepler-232 b,3.505,14.687,12.073
Kepler-232 c,4.258,21.578,16.8
Kepler-233 b,2.71,10.129,7.8008
Kepler-233 c,2.497,9.0205,6.7886
Kepler-234 b,3.524,14.743,12.184
Kepler-234 c,3.753,16.058,13.559
Kepler-235 b,2.23,7.6858,5.6027
Kepler-235 c,1.201,2.0622,1.8737
Kepler-235 d,2.18,7.443,5.3911
Kepler-235 e,2.251,7.7885,5.6925
Kepler-236 b,1.64,4.9126,3.3251
Kepler-236 c,2.0,6.5881,4.6573
Kepler-237 b,1.57,4.6013,3.0878
Kepler-237 c,2.32,8.1287,5.992
Kepler-239 b,2.45,8.781,6.5731
Kepler-239 c,2.28,7.931,5.8176
Kepler-240 b,1.46,4.1261,2.7295
Kepler-241 b,2.36,8.3278,6.1684
Kepler-241 c,2.74,10.288,7.948
Kepler-242 b,2.81,10.662,8.2958
Kepler-242 c,2.57,9.3961,7.129
Kepler-243 b,2.468,8.8725,6.6553
Kepler-243 c,1.73,5.3226,3.6408
Kepler-244 b,2.947,11.406,8.9941
Kepler-244 c,1.97,6.4486,4.5393
Kepler-246 b,2.164,7.3658,5.3241
Kepler-246 c,1.43,3.9995,2.635
Kepler-247 b,1.784,5.5739,3.8359
Kepler-247 c,4.282,21.863,16.961
Kepler-247 d,3.007,11.748,9.3072
Kepler-248 b,3.14,12.59,10.017
Kepler-248 c,4.12,19.976,15.886
Kepler-249 b,1.134,1.6585,1.5253
Kepler-249 c,1.447,4.071,2.6884
Kepler-249 d,1.382,3.5134,2.4866
Kepler-250 b,1.12,1.5821,1.4588
Kepler-250 c,2.41,8.5787,6.3919
Kepler-250 d,2.24,7.7347,5.6454
Kepler-251 b,1.49,4.2539,2.8254
Kepler-251 c,3.08,12.208,9.694
Kepler-251 d,3.58,14.908,12.515
Kepler-251 e,2.52,9.1383,6.8951
Kepler-252 b,1.37,3.399,2.45
Kepler-252 c,2.67,9.9179,7.6063
Kepler-253 b,1.77,5.5084,3.7849
Kepler-253 c,2.656,9.8443,7.5387
Kepler-253 d,3.098,12.322,9.7904
Kepler-254 b,3.594,14.949,12.598
Kepler-254 d,2.676,9.9495,7.6353
Kepler-255 b,1.622,4.8319,3.2634
Kepler-255 c,2.853,10.894,8.5124
Kepler-255 d,1.323,2.9772,2.309
Kepler-256 b,1.236,2.2998,2.0572
Kepler-256 c,1.662,5.0118,3.4012
Kepler-256 d,1.625,4.8453,3.2736
Kepler-256 e,1.812,5.7057,3.9386
Kepler-257 b,2.22,7.6371,5.5601
Kepler-257 c,3.99,18.532,15.044
Kepler-257 d,4.69,23.274,19.795
Kepler-258 b,3.59,14.937,12.574
Kepler-258 c,3.17,12.783,10.18
Kepler-259 b,2.76,10.395,8.0467
Kepler-259 c,3.12,12.462,9.9087
Kepler-260 b,2.108,7.0974,5.0923
Kepler-260 c,1.917,6.2043,4.3339
Kepler-261 b,2.26,7.8326,5.7312
Kepler-261 c,2.17,7.3947,5.3492
Kepler-262 b,1.361,3.315,2.4228
Kepler-262 c,1.648,4.9486,3.3527
Kepler-263 b,2.583,9.4635,7.1903
Kepler-263 c,2.217,7.6225,5.5473
Kepler-264 b,3.523,14.74,12.178
Kepler-264 c,3.248,13.29,10.609
Kepler-265 b,1.524,4.4004,2.9357
Kepler-265 c,2.321,8.1336,5.9963
Kepler-265 d,2.23,7.6858,5.6027
Kepler-265 e,2.184,7.4623,5.4079
Kepler-266 b,2.584,9.4686,7.195
Kepler-266 c,4.117,19.942,15.866
Kepler-267 c,2.13,7.2025,5.1828
Kepler-267 d,2.18,7.443,5.3911
Kepler-268 b,2.564,9.3651,7.1007
Kepler-268 c,2.824,10.737,8.3661
Kepler-269 b,2.32,8.1287,5.992
Kepler-269 c,2.588,9.4894,7.214
Kepler-270 b,1.835,5.8147,4.0239
Kepler-270 c,1.516,4.3658,2.9096
Kepler-271 b,1.229,2.2507,2.035
Kepler-271 c,0.942,0.82025,0.7845
Kepler-271 d,0.669,0.2238,0.23008
Kepler-272 d,2.962,11.488,9.0719
Kepler-273 b,1.7,5.1847,3.5343
Kepler-273 c,1.9,6.1266,4.2689
Kepler-274 b,2.137,7.236,5.2118
Kepler-274 c,2.631,9.7134,7.4186
Kepler-275 b,2.423,8.6443,6.4506
Kepler-275 c,3.36,14.031,11.237
Kepler-275 d,3.328,13.818,11.056
Kepler-278 b,4.07,19.414,15.56
Kepler-278 c,3.31,13.699,10.955
Kepler-280 b,1.613,4.7917,3.2327
Kepler-280 c,2.04,6.7754,4.8165
Kepler-282 b,1.363,3.3335,2.4288
Kepler-282 c,1.471,4.1728,2.7645
Kepler-283 b,3.063,12.1,9.6033
Kepler-283 c,2.311,8.0841,5.9525
Kepler-284 b,2.57,9.3961,7.129
Kepler-284 c,2.349,8.2729,6.1197
Kepler-285 b,1.354,3.2508,2.4016
Kepler-285 c,1.187,1.9725,1.7966
Kepler-286 b,1.39,3.5912,2.511
Kepler-286 c,1.49,4.2539,2.8254
Kepler-286 d,1.49,4.2539,2.8254
Kepler-286 e,1.79,5.6021,3.8578
Kepler-288 b,1.558,4.5486,3.0478
Kepler-288 c,2.813,10.678,8.3108
Kepler-288 d,2.59,9.4998,7.2234
Kepler-290 b,2.12,7.1546,5.1416
Kepler-290 c,3.35,13.964,11.181
Kepler-291 b,1.9,6.1266,4.2689
Kepler-291 c,1.71,5.2306,3.5696
Kepler-292 b,1.41,3.7913,2.5727
Kepler-292 c,1.59,4.6895,3.1548
Kepler-292 d,2.3,8.0296,5.9045
Kepler-292 e,2.164,7.3658,5.3241
Kepler-292 f,2.324,8.1485,6.0095
Kepler-293 b,2.75,10.341,7.9973
Kepler-293 c,3.504,14.684,12.067
Kepler-294 b,1.675,5.0707,3.4465
Kepler-294 c,2.635,9.7343,7.4378
Kepler-295 b,1.4,3.6902,2.5418
Kepler-295 c,1.12,1.5821,1.4588
Kepler-295 d,4.629,23.119,19.36
Kepler-296 b,0.94,0.81366,0.77854
Kepler-296 c,2.15,7.2984,5.2657
Kepler-296 d,2.69,10.023,7.7033
Kepler-296 e,1.86,5.934,4.1174
Kepler-296 f,1.79,5.6021,3.8578
Kepler-298 b,2.2,7.5399,5.4753
Kepler-298 c,1.93,6.264,4.3839
Kepler-298 d,2.91,11.203,8.8032
Kepler-299 b,1.288,2.6891,2.2063
Kepler-299 c,2.685,9.9969,7.679
Kepler-299 d,1.598,4.725,3.1818
Kepler-299 e,1.774,5.5271,3.7994
Kepler-300 b,3.474,14.595,11.892
Kepler-300 c,3.502,14.678,12.055
Kepler-301 b,1.383,3.523,2.4896
Kepler-301 c,1.48,4.2112,2.7933
Kepler-301 d,1.797,5.635,3.8834
Kepler-302 b,3.336,13.871,11.101
Kepler-302 c,10.99,275.41,84.032
Kepler-303 b,1.062,1.293,1.2057
Kepler-303 c,1.16,1.8075,1.6544
Kepler-304 b,2.679,9.9653,7.6499
Kepler-304 c,2.32,8.1287,5.992
Kepler-304 d,2.64,9.7605,7.4618
Kepler-304 e,1.2,2.0557,1.8681
Kepler-306 b,1.62,4.8229,3.2566
Kepler-306 c,2.27,7.8818,5.7744
Kepler-306 d,2.27,7.8818,5.7744
Kepler-306 e,2.35,8.2779,6.1241
Kepler-308 b,2.033,6.7425,4.7885
Kepler-308 c,2.083,6.9785,4.9902
Kepler-309 b,1.51,4.3399,2.8901
Kepler-309 c,2.51,9.087,6.8487
Kepler-310 b,1.25,2.4002,2.0969
Kepler-310 c,3.258,13.356,10.664
Kepler-311 b,1.659,4.9982,3.3908
Kepler-311 c,1.616,4.8051,3.2429
Kepler-312 b,1.513,4.3529,2.8998
Kepler-312 c,2.6,9.5518,7.2708
Kepler-313 b,2.53,9.1897,6.9416
Kepler-313 c,2.57,9.3961,7.129
Kepler-314 b,0.78,0.40076,0.39888
Kepler-314 c,2.767,10.432,8.0814
Kepler-315 b,4.184,20.71,16.307
Kepler-315 c,4.24,21.365,16.68
Kepler-316 b,1.451,4.0879,2.701
Kepler-316 c,1.598,4.725,3.1818
Kepler-317 c,1.609,4.7739,3.2191
Kepler-318 b,3.8,16.532,13.848
Kepler-318 c,2.98,11.587,9.1657
Kepler-319 b,1.69,5.139,3.4991
Kepler-319 c,2.69,10.023,7.7033
Kepler-319 d,2.0,6.5881,4.6573
Kepler-320 b,1.705,5.2076,3.5519
Kepler-320 c,2.003,6.6021,4.6691
Kepler-321 b,1.59,4.6895,3.1548
Kepler-321 c,2.01,6.6347,4.6969
Kepler-322 b,1.05,1.2384,1.1576
Kepler-322 c,1.72,5.2765,3.6052
Kepler-325 b,2.6,9.5518,7.2708
Kepler-325 c,2.792,10.566,8.2057
Kepler-325 d,2.69,10.023,7.7033
Kepler-327 b,1.329,3.0288,2.3268
Kepler-327 d,2.66,9.8653,7.558
Kepler-329 b,1.78,5.5552,3.8213
Kepler-329 c,2.729,10.23,7.8939
Kepler-330 b,1.325,2.9943,2.315
Kepler-330 c,2.141,7.2552,5.2283
Kepler-331 b,2.67,9.9179,7.6063
Kepler-331 c,2.76,10.395,8.0467
Kepler-331 d,2.6,9.5518,7.2708
Kepler-332 b,1.21,2.1215,1.9245
Kepler-332 c,1.13,1.6364,1.5061
Kepler-332 d,1.21,2.1215,1.9245
Kepler-333 c,1.338,3.1074,2.3537
Kepler-334 b,1.026,1.1343,1.0655
Kepler-334 c,1.374,3.4368,2.4622
Kepler-334 d,1.394,3.6306,2.5233
Kepler-335 b,3.089,12.265,9.7422
Kepler-335 c,2.664,9.8864,7.5773
Kepler-336 b,1.06,1.2838,1.1976
Kepler-336 c,1.99,6.5415,4.6178
Kepler-336 d,2.38,8.4279,6.2574
Kepler-337 b,1.726,5.3042,3.6265
Kepler-337 c,2.34,8.2281,6.0799
Kepler-338 c,2.394,8.4982,6.32
Kepler-338 d,2.731,10.24,7.9037
Kepler-339 b,1.328,3.0201,2.3239
Kepler-340 b,2.259,7.8277,5.7269
Kepler-340 c,3.055,12.049,9.5608
Kepler-341 b,1.287,2.6812,2.2034
Kepler-341 c,2.049,6.8177,4.8527
Kepler-341 d,2.228,7.6761,5.5941
Kepler-341 e,2.217,7.6225,5.5473
Kepler-342 b,2.05,6.8225,4.8567
Kepler-342 c,1.76,5.4618,3.7487
Kepler-342 d,2.833,10.786,8.4114
Kepler-342 e,0.88,0.63347,0.61463
Kepler-343 b,1.944,6.3284,4.4381
Kepler-343 c,2.168,7.3851,5.3408
Kepler-344 b,2.364,8.3478,6.1862
Kepler-344 c,2.657,9.8496,7.5435
Kepler-346 b,2.52,9.1383,6.8951
Kepler-346 c,2.993,11.661,9.2337
Kepler-347 b,2.929,11.307,8.901
Kepler-347 c,1.72,5.2765,3.6052
Kepler-348 b,1.52,4.3831,2.9227
Kepler-348 c,1.091,1.4322,1.3279
Kepler-349 c,1.958,6.393,4.4925
Kepler-351 d,2.72,10.182,7.8497
Kepler-352 b,0.96,0.88135,0.83957
Kepler-352 c,1.31,2.8677,2.2706
Kepler-353 b,0.89,0.66122,0.64003
Kepler-353 c,1.38,3.4941,2.4805
Kepler-354 b,1.916,6.1997,4.3301
Kepler-354 c,1.29,2.705,2.2121
Kepler-354 d,1.45,4.0837,2.6978
Kepler-355 b,1.648,4.9486,3.3527
Kepler-355 c,3.016,11.804,9.3545
Kepler-356 b,1.803,5.6632,3.9055
Kepler-356 c,2.24,7.7347,5.6454
Kepler-357 b,1.77,5.5084,3.7849
Kepler-357 c,2.36,8.3278,6.1684
Kepler-357 d,2.165,7.3706,5.3282
Kepler-358 b,2.77,10.448,8.0963
Kepler-358 c,2.911,11.209,8.8083
Kepler-359 b,4.37,22.451,17.557
Kepler-360 b,1.382,3.5134,2.4866
Kepler-360 c,1.9,6.1266,4.2689
Kepler-361 b,1.584,4.663,3.1346
Kepler-361 c,2.928,11.302,8.8958
Kepler-362 b,1.0,1.029,0.97185
Kepler-362 c,2.798,10.598,8.2357
Kepler-363 b,1.323,2.9772,2.309
Kepler-363 d,2.121,7.1594,5.1457
Kepler-364 b,1.648,4.9486,3.3527
Kepler-364 c,2.675,9.9442,7.6305
Kepler-365 b,1.79,5.6021,3.8578
Kepler-365 c,1.55,4.5136,3.0213
Kepler-366 b,2.496,9.0153,6.784
Kepler-366 c,2.912,11.214,8.8135
Kepler-367 b,1.21,2.1215,1.9245
Kepler-367 c,1.2,2.0557,1.8681
Kepler-368 b,3.427,14.455,11.62
Kepler-368 c,4.51,22.815,18.523
Kepler-369 b,1.13,1.6364,1.5061
Kepler-369 c,1.41,3.7913,2.5727
Kepler-370 b,1.498,4.2883,2.8512
Kepler-370 c,2.259,7.8277,5.7269
Kepler-371 b,1.76,5.4618,3.7487
Kepler-371 c,2.307,8.0643,5.9351
Kepler-372 b,1.951,6.3607,4.4652
Kepler-372 c,2.811,10.668,8.3008
Kepler-372 d,2.405,8.5535,6.3694
Kepler-373 b,2.166,7.3754,5.3324
Kepler-373 c,1.935,6.287,4.4032
Kepler-374 b,1.574,4.6189,3.1011
Kepler-374 c,1.627,4.8542,3.2805
Kepler-374 d,1.849,5.8814,4.0761
Kepler-375 b,1.6,4.7338,3.1886
Kepler-375 c,3.06,12.081,9.5874
Kepler-376 b,1.306,2.8346,2.2589
Kepler-376 c,2.642,9.771,7.4714
Kepler-377 b,1.558,4.5486,3.0478
Kepler-377 c,2.016,6.6628,4.7207
Kepler-378 b,1.049,1.2339,1.1536
Kepler-378 c,0.71,0.28048,0.28476
Kepler-379 b,1.618,4.814,3.2497
Kepler-379 c,2.338,8.2181,6.0711
Kepler-380 b,1.285,2.6654,2.1976
Kepler-380 c,1.26,2.4739,2.1255
Kepler-381 b,0.925,0.76547,0.73492
Kepler-381 c,1.056,1.2655,1.1815
Kepler-382 b,1.74,5.3689,3.6766
Kepler-382 c,1.48,4.2112,2.7933
Kepler-383 b,1.39,3.5912,2.511
Kepler-383 c,1.39,3.5912,2.511
Kepler-384 b,1.946,6.3376,4.4458
Kepler-384 c,1.34,3.125,2.3596
Kepler-386 b,1.36,3.3058,2.4197
Kepler-386 c,1.87,5.982,4.1551
Kepler-387 b,1.155,1.7781,1.6289
Kepler-387 c,1.138,1.6808,1.5446
Kepler-388 b,0.98,0.95309,0.90396
Kepler-388 c,1.05,1.2384,1.1576
Kepler-389 b,1.57,4.6013,3.0878
Kepler-389 c,1.48,4.2112,2.7933
Kepler-390 b,0.79,0.42062,0.41751
Kepler-390 c,0.87,0.60658,0.58996
Kepler-391 b,2.9,11.149,8.7519
Kepler-391 c,4.15,20.318,16.083
Kepler-392 b,0.968,0.90955,0.86491
Kepler-392 c,1.13,1.6364,1.5061
Kepler-393 b,1.442,4.05,2.6726
Kepler-393 c,1.308,2.8511,2.2648
Kepler-394 b,1.401,3.7003,2.5449
Kepler-394 c,1.487,4.2411,2.8158
Kepler-395 b,1.186,1.9662,1.7912
Kepler-395 c,1.336,3.0898,2.3477
Kepler-397 b,1.98,6.495,4.5785
Kepler-397 c,6.35,31.683,33.112
Kepler-398 b,1.03,1.1512,1.0805
Kepler-398 c,1.03,1.1512,1.0805
Kepler-398 d,0.88,0.63347,0.61463
Kepler-399 b,1.42,3.8944,2.6038
Kepler-399 c,2.15,7.2984,5.2657
Kepler-399 d,2.66,9.8653,7.558
Kepler-400 b,1.59,4.6895,3.1548
Kepler-400 c,1.46,4.1261,2.7295
Kepler-401 b,2.464,8.8521,6.637
Kepler-401 c,2.816,10.694,8.3259
Kepler-401 d,3.45,14.523,11.753
Kepler-402 b,1.111,1.5344,1.4173
Kepler-402 c,1.63,4.8677,3.2908
Kepler-402 d,1.164,1.8313,1.6749
Kepler-402 e,1.326,3.0029,2.3179
Kepler-403 b,1.696,5.1664,3.5202
Kepler-403 c,2.324,8.1485,6.0095
Kepler-403 d,1.764,5.4804,3.7631
Kepler-404 b,1.081,1.383,1.2848
Kepler-404 c,1.492,4.2625,2.8318
Kepler-405 b,1.841,5.8433,4.0462
Kepler-405 c,2.691,10.029,7.7082
Kepler-415 c,2.81,10.662,8.2958
Kepler-416 c,2.45,8.781,6.5731
Kepler-417 c,2.69,10.023,7.7033
Kepler-421 b,4.16,20.433,16.149
Kepler-430 b,2.647,9.7971,7.4954
Kepler-430 c,1.67,5.048,3.429
Kepler-431 b,1.088,1.4173,1.3149
Kepler-431 c,1.072,1.3398,1.2469
Kepler-431 d,1.307,2.8428,2.2618
Kepler-436 b,2.73,10.235,7.8988
Kepler-436 c,2.33,8.1783,6.0359
Kepler-437 b,1.5,4.2969,2.8577
Kepler-438 b,1.12,1.5821,1.4588
Kepler-439 b,2.369,8.3728,6.2084
Kepler-440 b,1.899,6.1217,4.265
Kepler-441 b,1.462,4.1345,2.7359
Kepler-442 b,1.59,4.6895,3.1548
Kepler-443 b,2.22,7.6371,5.5601
Kepler-444 b,0.403,0.032689,0.037404
Kepler-444 c,0.497,0.07244,0.079299
Kepler-444 f,0.741,0.32987,0.33189
Kepler-445 b,1.564,4.5749,3.0677
Kepler-445 c,4.6,23.045,19.155
Kepler-445 d,3.947,18.068,14.77
Kepler-446 b,1.147,1.7318,1.5889
Kepler-446 c,0.927,0.77177,0.74064
Kepler-446 d,8.488,71.633,54.196
Kepler-449 b,1.64,4.9126,3.3251
Kepler-449 c,2.764,10.416,8.0665
Kepler-458 c,7.251,42.305,41.479
Kepler-460 c,5.52,26.365,26.104
Kepler-461 b,2.58,9.4479,7.1761
Kepler-463 b,3.51,14.701,12.102
Kepler-464 b,3.3,13.632,10.899
Kepler-465 b,2.844,10.845,8.4669
Kepler-466 b,2.85,10.878,8.4972
Kepler-466 c,1.25,2.4002,2.0969
Kepler-467 b,2.25,7.7836,5.6883
Kepler-468 b,13.34,399.84,
Kepler-471 b,13.649,415.45,
Kepler-472 b,3.22,13.107,10.454
Kepler-473 b,5.802,27.744,28.408
Kepler-474 b,4.512,22.82,18.537
Kepler-475 b,2.49,8.9847,6.7563
Kepler-476 b,3.08,12.208,9.694
Kepler-477 b,2.07,6.9169,4.9374
Kepler-478 b,2.71,10.129,7.8008
Kepler-479 b,2.12,7.1546,5.1416
Kepler-480 b,2.984,11.609,9.1866
Kepler-481 b,2.847,10.861,8.4821
Kepler-482 b,2.944,11.389,8.9785
Kepler-483 b,3.121,12.469,9.9141
Kepler-484 b,2.28,7.931,5.8176
Kepler-485 b,13.642,415.09,
Kepler-487 b,11.426,308.62,
Kepler-487 c,2.172,7.4044,5.3575
Kepler-489 b,7.72,50.238,46.136
Kepler-490 b,13.984,419.94,
Kepler-491 b,8.523,72.745,54.576
Kepler-493 b,12.885,377.3,
Kepler-495 b,5.286,25.221,24.253
Kepler-496 b,2.249,7.7787,5.684
Kepler-497 b,8.653,76.983,55.996
Kepler-498 b,3.487,14.633,11.968
Kepler-499 b,2.17,7.3947,5.3492
Kepler-500 b,2.855,10.905,8.5226
Kepler-501 b,4.241,21.377,16.686
Kepler-502 b,5.318,25.378,24.503
Kepler-504 b,1.767,5.4944,3.774
Kepler-505 b,3.114,12.424,9.8764
Kepler-506 b,2.73,10.235,7.8988
Kepler-508 b,1.659,4.9982,3.3908
Kepler-509 b,2.49,8.9847,6.7563
Kepler-510 b,2.651,9.8181,7.5146
Kepler-511 b,9.21,103.75,62.253
Kepler-512 b,2.32,8.1287,5.992
Kepler-513 b,2.541,9.2463,6.9929
Kepler-514 b,1.859,5.9292,4.1136
Kepler-515 b,1.46,4.1261,2.7295
Kepler-516 b,5.471,26.125,25.712
Kepler-517 b,2.759,10.389,8.0418
Kepler-518 b,2.11,7.1069,5.1005
Kepler-519 b,2.1,7.0592,5.0595
Kepler-520 b,1.66,5.0027,3.3942
Kepler-520 c,1.07,1.3303,1.2386
Kepler-521 b,3.591,14.94,12.58
Kepler-522 b,7.521,46.504,44.135
Kepler-523 b,1.96,6.4023,4.5002
Kepler-524 b,2.756,10.373,8.0269
Kepler-524 c,1.235,2.2927,2.0544
Kepler-525 b,4.6,23.045,19.155
Kepler-526 b,1.99,6.5415,4.6178
Kepler-527 b,2.627,9.6925,7.3995
Kepler-528 b,2.28,7.931,5.8176
Kepler-529 b,1.86,5.934,4.1174
Kepler-529 c,2.0,6.5881,4.6573
Kepler-530 b,2.951,11.427,9.0148
Kepler-531 b,2.78,10.501,8.146
Kepler-532 b,2.57,9.3961,7.129
Kepler-533 b,3.38,14.165,11.351
Kepler-534 b,2.24,7.7347,5.6454
Kepler-535 b,2.361,8.3328,6.1728
Kepler-536 b,3.079,12.201,9.6887
Kepler-537 b,1.41,3.7913,2.5727
Kepler-540 b,3.13,12.526,9.9627
Kepler-541 b,3.347,13.944,11.164
Kepler-542 b,1.57,4.6013,3.0878
Kepler-543 b,2.5,9.0358,6.8025
Kepler-544 b,2.651,9.8181,7.5146
Kepler-545 b,2.836,10.802,8.4265
Kepler-546 b,7.879,54.219,47.76
Kepler-547 b,4.0,18.641,15.108
Kepler-548 b,11.428,308.71,
Kepler-549 c,2.252,7.7934,5.6968
Kepler-550 b,4.42,22.582,17.899
Kepler-551 b,2.73,10.235,7.8988
Kepler-552 b,3.822,16.757,13.985
Kepler-554 b,4.617,23.089,19.275
Kepler-555 b,3.71,15.631,13.296
Kepler-556 b,2.013,6.6488,4.7088
Kepler-557 b,5.153,24.572,23.226
Kepler-558 b,2.37,8.3778,6.2129
Kepler-559 b,3.43,14.464,11.638
Kepler-560 b,1.72,5.2765,3.6052
Kepler-561 b,6.567,33.587,35.056
Kepler-561 c,2.431,8.6848,6.4868
Kepler-562 b,6.089,29.457,30.835
Kepler-563 b,3.09,12.271,9.7475
Kepler-564 b,4.627,23.114,19.346
Kepler-565 b,3.64,15.084,12.873
Kepler-566 b,2.15,7.2984,5.2657
Kepler-567 b,2.25,7.7836,5.6883
Kepler-568 b,2.26,7.8326,5.7312
Kepler-569 b,3.014,11.792,9.344
Kepler-570 b,2.45,8.781,6.5731
Kepler-571 b,2.64,9.7605,7.4618
Kepler-572 b,2.58,9.4479,7.1761
Kepler-573 b,2.878,11.029,8.6395
Kepler-574 b,2.124,7.1737,5.1581
Kepler-575 b,2.436,8.7101,6.5094
Kepler-576 b,2.646,9.7919,7.4906
Kepler-577 b,2.657,9.8496,7.5435
Kepler-578 b,2.0,6.5881,4.6573
Kepler-579 b,2.0,6.5881,4.6573
Kepler-580 b,2.336,8.2082,6.0623
Kepler-581 b,2.253,7.7983,5.7011
Kepler-582 b,2.986,11.62,9.1971
Kepler-583 b,2.333,8.1932,6.0491
Kepler-584 b,5.371,25.637,24.919
Kepler-585 b,2.555,9.3185,7.0585
Kepler-586 b,2.666,9.8969,7.587
Kepler-587 b,1.95,6.3561,4.4613
Kepler-588 b,3.606,14.984,12.67
Kepler-589 b,2.27,7.8818,5.7744
Kepler-590 b,5.627,26.888,26.969
Kepler-591 b,3.814,16.675,13.935
Kepler-592 b,2.688,10.013,7.6936
Kepler-593 b,3.02,11.829,9.3756
Kepler-594 b,2.248,7.7738,5.6797
Kepler-596 b,3.375,14.132,11.323
Kepler-597 b,2.309,8.0742,5.9438
Kepler-598 b,1.5,4.2969,2.8577
Kepler-599 b,2.119,7.1498,5.1375
Kepler-600 b,2.9,11.149,8.7519
Kepler-601 b,1.856,5.9149,4.1024
Kepler-602 b,2.736,10.267,7.9283
Kepler-603 b,3.531,14.763,12.225
Kepler-603 c,10.319,201.13,75.508
Kepler-603 d,2.332,8.1883,6.0447
Kepler-604 b,2.622,9.6664,7.3756
Kepler-605 b,1.44,4.0415,2.6663
Kepler-605 c,0.845,0.54303,0.53142
Kepler-606 b,3.3,13.632,10.899
Kepler-607 b,0.863,0.58826,0.57312
Kepler-608 b,3.629,15.051,12.807
Kepler-609 b,3.036,11.93,9.4601
Kepler-610 b,3.111,12.405,9.8603
Kepler-610 c,2.34,8.2281,6.0799
Kepler-611 b,2.48,8.9336,6.7103
Kepler-612 b,4.367,22.443,17.537
Kepler-613 b,2.19,7.4914,5.4331
Kepler-614 b,2.39,8.4781,6.3021
Kepler-615 b,1.74,5.3689,3.6766
Kepler-616 b,2.43,8.6797,6.4822
Kepler-616 c,3.41,14.367,11.523
Kepler-617 b,1.419,3.884,2.6006
Kepler-618 b,2.423,8.6443,6.4506
Kepler-619 b,2.664,9.8864,7.5773
Kepler-619 c,1.69,5.139,3.4991
Kepler-620 b,3.324,13.791,11.034
Kepler-621 b,2.3,8.0296,5.9045
Kepler-622 b,2.091,7.0164,5.0227
Kepler-623 b,2.454,8.8013,6.5913
Kepler-624 b,2.497,9.0205,6.7886
Kepler-625 b,1.99,6.5415,4.6178
Kepler-625 c,1.05,1.2384,1.1576
Kepler-626 b,2.29,7.9803,5.861
Kepler-627 b,3.176,12.822,10.213
Kepler-629 b,1.38,3.4941,2.4805
Kepler-630 b,4.244,21.412,16.706
Kepler-631 b,2.637,9.7448,7.4474
Kepler-632 b,2.21,7.5884,5.5176
Kepler-633 b,1.63,4.8677,3.2908
Kepler-634 b,2.145,7.2744,5.2449
Kepler-635 b,3.691,15.444,13.181
Kepler-636 b,4.45,22.66,18.106
Kepler-637 b,2.286,7.9605,5.8436
Kepler-638 b,3.797,16.502,13.83
Kepler-639 b,2.806,10.641,8.2757
Kepler-640 b,2.56,9.3444,7.0819
Kepler-641 b,2.961,11.482,9.0667
Kepler-642 b,2.229,7.681,5.5984
Kepler-644 b,3.444,14.506,11.718
Kepler-645 b,2.828,10.759,8.3862
Kepler-646 b,1.726,5.3042,3.6265
Kepler-647 b,1.641,4.9171,3.3286
Kepler-648 b,3.22,13.107,10.454
Kepler-649 b,2.243,7.7494,5.6582
Kepler-650 b,2.96,11.477,9.0615
Kepler-651 b,2.37,8.3778,6.2129
Kepler-652 b,2.49,8.9847,6.7563
Kepler-653 b,1.924,6.2364,4.3608
Kepler-653 c,0.768,0.37786,0.37732
Kepler-654 b,3.002,11.717,9.2809
Kepler-655 b,2.626,9.6873,7.3947
Kepler-656 b,3.191,12.919,10.295
Kepler-657 b,3.52,14.731,12.161
Kepler-658 b,1.63,4.8677,3.2908
Kepler-659 b,2.5,9.0358,6.8025
Kepler-660 b,2.57,9.3961,7.129
Kepler-661 b,3.07,12.144,9.6406
Kepler-662 b,2.18,7.443,5.3911
Kepler-663 b,2.6,9.5518,7.2708
Kepler-664 b,2.308,8.0692,5.9394
Kepler-665 b,2.6,9.5518,7.2708
Kepler-666 b,2.545,9.2669,7.0116
Kepler-667 b,4.73,23.375,20.083
Kepler-668 b,2.7,10.076,7.752
Kepler-669 b,5.345,25.51,24.714
Kepler-670 b,12.274,347.87,
Kepler-671 b,2.662,9.8758,7.5676
Kepler-672 b,2.644,9.7814,7.481
Kepler-673 b,6.54,33.347,34.812
Kepler-674 b,1.69,5.139,3.4991
Kepler-675 b,2.323,8.1436,6.0051
Kepler-676 b,3.04,11.955,9.4812
Kepler-677 b,8.746,80.124,57.022
Kepler-678 b,10.79,251.29,81.452
Kepler-679 b,3.01,11.767,9.3229
Kepler-680 b,2.475,8.9081,6.6874
Kepler-681 b,3.08,12.208,9.694
Kepler-682 b,7.37,44.126,42.641
Kepler-683 b,1.992,6.5508,4.6257
Kepler-684 b,3.36,14.031,11.237
Kepler-685 b,8.544,73.417,54.804
Kepler-686 b,14.29,416.07,
Kepler-687 b,3.52,14.731,12.161
Kepler-688 b,10.083,179.2,72.599
Kepler-689 b,3.12,12.462,9.9087
Kepler-690 b,5.803,27.749,28.416
Kepler-691 b,2.09,7.0117,5.0187
Kepler-692 b,2.866,10.964,8.5784
Kepler-693 b,10.18,187.97,73.789
Kepler-694 b,2.706,10.108,7.7812
Kepler-695 b,9.21,103.75,62.253
Kepler-696 b,6.531,33.268,34.731
Kepler-697 b,4.629,23.119,19.36
Kepler-698 b,6.064,29.247,30.62
Kepler-700 b,8.368,67.918,52.901
Kepler-701 b,2.307,8.0643,5.9351
Kepler-702 b,9.17,101.0,61.794
Kepler-703 b,6.273,31.02,32.433
Kepler-704 b,3.119,12.456,9.9033
Kepler-705 b,2.11,7.1069,5.1005
Kepler-707 b,1.251,2.4075,2.0998
Kepler-708 b,2.983,11.603,9.1814
Kepler-709 b,2.92,11.258,8.8546
Kepler-710 b,2.961,11.482,9.0667
Kepler-711 b,3.41,14.367,11.523
Kepler-712 b,3.41,14.367,11.523
Kepler-712 c,4.85,23.675,20.955
Kepler-713 b,2.947,11.406,8.9941
Kepler-714 b,13.16,390.86,
Kepler-715 b,3.995,18.587,15.076
Kepler-716 b,2.9,11.149,8.7519
Kepler-717 b,2.42,8.6292,6.437
Kepler-718 b,13.87,421.42,
Kepler-719 b,14.821,409.62,36643.0
Kepler-720 b,10.004,172.3,71.636
Kepler-721 b,2.64,9.7605,7.4618
Kepler-722 b,2.692,10.034,7.713
Kepler-722 c,2.82,10.716,8.3459
Kepler-723 b,12.19,343.9,
Kepler-724 b,3.29,13.566,10.843
Kepler-725 b,9.94,166.16,70.86
Kepler-726 b,3.26,13.369,10.675
Kepler-727 b,2.53,9.1897,6.9416
Kepler-728 b,4.624,23.107,19.325
Kepler-729 b,5.045,24.155,22.406
Kepler-730 b,12.33,350.52,
Kepler-730 c,1.5693,4.598,3.0853
Kepler-731 b,12.891,377.6,
Kepler-732 b,2.451,8.7861,6.5776
Kepler-732 c,1.42,3.8944,2.6038
Kepler-733 b,2.484,8.954,6.7287
Kepler-734 b,3.56,14.849,12.396
Kepler-735 b,2.95,11.422,9.0096
Kepler-736 b,2.316,8.1088,5.9744
Kepler-737 b,2.029,6.7237,4.7725
Kepler-738 b,2.5,9.0358,6.8025
Kepler-739 b,3.769,16.219,13.657
Kepler-740 b,4.57,22.969,18.943
Kepler-741 b,3.077,12.189,9.678
Kepler-742 b,3.24,13.238,10.564
Kepler-743 b,1.21,2.1215,1.9245
Kepler-744 b,1.516,4.3658,2.9096
Kepler-745 b,3.052,12.031,9.5449
Kepler-746 b,1.11,1.5292,1.4127
Kepler-748 b,3.112,12.411,9.8656
Kepler-749 b,3.1,12.335,9.8011
Kepler-750 b,3.313,13.718,10.972
Kepler-750 c,1.777,5.5411,3.8103
Kepler-751 b,2.46,8.8318,6.6187
Kepler-752 b,2.81,10.662,8.2958
Kepler-753 b,1.91,6.1723,4.3071
Kepler-754 b,2.727,10.219,7.884
Kepler-755 b,1.532,4.4352,2.9619
Kepler-755 c,1.26,2.4739,2.1255
Kepler-756 b,1.12,1.5821,1.4588
Kepler-757 b,1.423,3.9257,2.6131
Kepler-758 b,3.209,13.036,10.393
Kepler-758 c,1.836,5.8195,4.0276
Kepler-758 d,3.188,12.9,10.278
Kepler-758 e,1.879,6.0252,4.1891
Kepler-759 b,3.922,17.801,14.612
Kepler-760 b,3.06,12.081,9.5874
Kepler-760 c,1.48,4.2112,2.7933
Kepler-761 b,2.03,6.7284,4.7765
Kepler-762 b,15.098,406.39,37421.0
Kepler-763 b,1.22,2.1888,1.9821
Kepler-764 b,1.633,4.8811,3.3011
Kepler-765 b,2.437,8.7151,6.514
Kepler-766 b,3.39,14.232,11.408
Kepler-767 b,12.134,341.26,
Kepler-768 b,1.79,5.6021,3.8578
Kepler-769 b,2.315,8.1039,5.97
Kepler-769 c,1.516,4.3658,2.9096
Kepler-770 b,2.3,8.0296,5.9045
Kepler-770 c,1.47,4.1685,2.7613
Kepler-770 d,1.4,3.6902,2.5418
Kepler-771 b,2.4,8.5284,6.347
Kepler-772 b,2.98,11.587,9.1657
Kepler-773 b,1.43,3.9995,2.635
Kepler-774 b,2.277,7.9162,5.8046
Kepler-775 b,1.19,1.9914,1.8129
Kepler-776 b,1.28,2.6263,2.1831
Kepler-777 b,1.619,4.8185,3.2531
Kepler-778 b,1.68,5.0935,3.464
Kepler-779 b,1.037,1.1812,1.107
Kepler-780 b,0.89,0.66122,0.64003
Kepler-781 b,3.025,11.861,9.402
Kepler-782 b,3.344,13.924,11.147
Kepler-783 b,0.677,0.23412,0.2401
Kepler-784 b,3.453,14.532,11.77
Kepler-785 b,13.02,383.94,
Kepler-786 b,2.43,8.6797,6.4822
Kepler-787 b,1.28,2.6263,2.1831
Kepler-788 b,2.528,9.1794,6.9323
Kepler-789 b,3.407,14.347,11.505
Kepler-790 b,2.18,7.443,5.3911
Kepler-791 b,3.015,11.798,9.3492
Kepler-792 b,2.193,7.5059,5.4458
Kepler-793 b,1.676,5.0753,3.45
Kepler-794 b,2.39,8.4781,6.3021
Kepler-795 b,1.68,5.0935,3.464
Kepler-796 b,3.252,13.317,10.631
Kepler-797 b,3.669,15.229,13.048
Kepler-798 b,2.041,6.7801,4.8205
Kepler-799 b,9.801,152.32,69.186
Kepler-800 b,2.85,10.878,8.4972
Kepler-801 b,2.072,6.9264,4.9455
Kepler-802 b,3.403,14.32,11.483
Kepler-803 b,3.963,18.24,14.872
Kepler-804 b,1.935,6.287,4.4032
Kepler-804 c,1.074,1.3493,1.2552
Kepler-805 b,2.89,11.094,8.7007
Kepler-806 b,1.623,4.8363,3.2668
Kepler-808 b,1.46,4.1261,2.7295
Kepler-809 b,3.226,13.147,10.487
Kepler-810 b,1.681,5.098,3.4675
Kepler-811 b,3.263,13.389,10.692
Kepler-812 b,3.021,11.836,9.3809
Kepler-813 b,2.14,7.2504,5.2242
Kepler-814 b,2.997,11.685,9.2547
Kepler-815 b,4.432,22.613,17.982
Kepler-816 b,10.24,193.56,74.529
Kepler-817 b,8.976,88.506,59.591
Kepler-818 b,4.631,23.124,19.374
Kepler-819 b,2.484,8.954,6.7287
Kepler-820 b,8.232,63.879,51.45
Kepler-821 b,1.257,2.4516,2.1169
Kepler-822 b,1.514,4.3572,2.9031
Kepler-823 b,2.574,9.4168,7.1478
Kepler-824 b,1.678,5.0844,3.457
Kepler-825 b,1.413,3.822,2.582
Kepler-825 c,1.936,6.2916,4.4071
Kepler-826 b,1.532,4.4352,2.9619
Kepler-827 b,5.63,26.903,26.993
Kepler-828 b,1.32,2.9517,2.3001
Kepler-829 b,2.35,8.2779,6.1241
Kepler-830 b,1.7,5.1847,3.5343
Kepler-831 b,1.27,2.5493,2.1542
Kepler-832 b,2.495,9.0102,6.7794
Kepler-833 b,2.139,7.2456,5.2201
Kepler-834 b,1.968,6.4393,4.5315
Kepler-835 b,2.79,10.555,8.1958
Kepler-836 b,2.597,9.5362,7.2566
Kepler-837 b,2.56,9.3444,7.0819
Kepler-838 b,2.326,8.1585,6.0183
Kepler-839 b,3.487,14.633,11.968
Kepler-841 b,5.049,24.165,22.436
Kepler-842 b,1.6,4.7338,3.1886
Kepler-843 b,2.29,7.9803,5.861
Kepler-844 b,1.68,5.0935,3.464
Kepler-845 b,2.04,6.7754,4.8165
Kepler-846 b,2.052,6.8319,4.8647
Kepler-847 b,1.18,1.9287,1.7589
Kepler-848 b,2.919,11.252,8.8495
Kepler-850 b,1.881,6.0349,4.1966
Kepler-851 b,1.68,5.0935,3.464
Kepler-852 b,2.54,9.2412,6.9883
Kepler-853 b,1.604,4.7516,3.2021
Kepler-855 b,11.851,328.05,
Kepler-856 b,9.949,167.09,70.969
Kepler-857 b,6.479,32.809,34.262
Kepler-858 b,5.042,24.148,22.383
Kepler-859 b,3.09,12.271,9.7475
Kepler-860 b,2.556,9.3237,7.0632
Kepler-861 b,2.28,7.931,5.8176
Kepler-862 b,2.72,10.182,7.8497
Kepler-863 b,3.749,16.018,13.534
Kepler-864 b,3.185,12.88,10.262
Kepler-865 b,2.166,7.3754,5.3324
Kepler-866 b,1.63,4.8677,3.2908
Kepler-867 b,4.64,23.147,19.438
Kepler-868 b,2.05,6.8225,4.8567
Kepler-869 b,3.224,13.134,10.476
Kepler-870 b,2.545,9.2669,7.0116
Kepler-871 b,4.267,21.684,16.86
Kepler-872 b,1.648,4.9486,3.3527
Kepler-873 b,3.031,11.898,9.4336
Kepler-874 b,3.598,14.96,12.622
Kepler-875 b,3.316,13.738,10.989
Kepler-876 b,1.43,3.9995,2.635
Kepler-877 b,2.12,7.1546,5.1416
Kepler-878 b,1.93,6.264,4.3839
Kepler-879 b,2.583,9.4635,7.1903
Kepler-879 c,0.4,0.031775,0.036416
Kepler-880 b,2.772,10.459,8.1062
Kepler-881 b,1.732,5.3319,3.648
Kepler-882 b,1.158,1.7957,1.6442
Kepler-883 b,2.032,6.7378,4.7845
Kepler-884 b,1.23,2.2577,2.0403
Kepler-885 b,2.601,9.557,7.2756
Kepler-886 b,1.258,2.459,2.1197
Kepler-887 b,1.915,6.1952,4.3262
Kepler-887 c,1.198,2.0427,1.857
Kepler-888 b,1.76,5.4618,3.7487
Kepler-889 b,1.247,2.3784,2.0884
Kepler-890 b,10.703,241.34,80.34
Kepler-891 b,10.533,222.82,78.186
Kepler-892 b,2.81,10.662,8.2958
Kepler-893 b,3.259,13.362,10.67
Kepler-894 b,2.78,10.501,8.146
Kepler-895 b,1.54,4.47,2.9883
Kepler-896 b,2.53,9.1897,6.9416
Kepler-897 b,3.891,17.474,14.416
Kepler-898 b,1.49,4.2539,2.8254
Kepler-899 b,2.984,11.609,9.1866
Kepler-900 b,2.08,6.9642,4.978
Kepler-901 b,1.37,3.399,2.45
Kepler-902 b,3.252,13.317,10.631
Kepler-903 b,2.974,11.554,9.1344
Kepler-903 c,4.144,20.25,16.043
Kepler-904 b,1.414,3.8323,2.5851
Kepler-905 b,1.41,3.7913,2.5727
Kepler-906 b,2.11,7.1069,5.1005
Kepler-907 b,1.2,2.0557,1.8681
Kepler-908 b,1.336,3.0898,2.3477
Kepler-909 b,1.47,4.1685,2.7613
Kepler-910 b,0.82,0.48453,0.47719
Kepler-911 b,2.6,9.5518,7.2708
Kepler-912 b,4.598,23.04,19.14
Kepler-913 b,2.06,6.8696,4.897
Kepler-914 b,1.38,3.4941,2.4805
Kepler-915 b,1.985,6.5182,4.5981
Kepler-916 b,1.861,5.9388,4.1212
Kepler-917 b,1.91,6.1723,4.3071
Kepler-918 b,1.626,4.8498,3.2771
Kepler-919 b,1.923,6.2318,4.357
Kepler-920 b,2.42,8.6292,6.437
Kepler-920 c,3.8,16.532,13.848
Kepler-921 b,2.149,7.2936,5.2616
Kepler-922 b,1.337,3.0986,2.3507
Kepler-923 b,1.72,5.2765,3.6052
Kepler-924 b,2.765,10.421,8.0715
Kepler-925 b,2.328,8.1684,6.0271
Kepler-926 b,2.924,11.28,8.8752
Kepler-927 b,1.605,4.7561,3.2055
Kepler-928 b,1.416,3.8529,2.5913
Kepler-929 b,1.614,4.7961,3.2361
Kepler-930 b,2.047,6.8083,4.8446
Kepler-931 b,1.33,3.0374,2.3298
Kepler-932 b,1.37,3.399,2.45
Kepler-933 b,2.46,8.8318,6.6187
Kepler-934 b,2.085,6.988,4.9983
Kepler-935 b,1.35,3.2145,2.3896
Kepler-936 b,1.45,4.0837,2.6978
Kepler-937 b,4.077,19.492,15.606
Kepler-937 c,2.576,9.4272,7.1573
Kepler-938 b,2.22,7.6371,5.5601
Kepler-939 b,1.75,5.4153,3.7126
Kepler-940 b,3.223,13.127,10.47
Kepler-941 b,2.813,10.678,8.3108
Kepler-942 b,2.062,6.8791,4.905
Kepler-943 b,10.806,253.16,81.657
Kepler-944 b,3.352,13.978,11.192
Kepler-945 b,2.584,9.4686,7.195
Kepler-946 b,2.371,8.3828,6.2173
Kepler-947 b,3.123,12.481,9.9249
Kepler-948 b,1.389,3.5814,2.508
Kepler-949 b,2.445,8.7557,6.5503
Kepler-950 b,13.468,406.28,
Kepler-951 b,5.59,26.707,26.668
Kepler-952 b,8.266,64.872,51.811
Kepler-953 b,4.21,21.013,16.48
Kepler-953 c,1.19,1.9914,1.8129
Kepler-954 b,2.32,8.1287,5.992
Kepler-955 b,3.13,12.526,9.9627
Kepler-956 b,2.791,10.56,8.2008
Kepler-957 b,5.5,26.267,25.943
Kepler-958 b,2.06,6.8696,4.897
Kepler-959 b,3.917,17.748,14.58
Kepler-960 b,2.29,7.9803,5.861
Kepler-961 b,2.55,9.2927,7.035
Kepler-962 b,1.97,6.4486,4.5393
Kepler-963 b,2.625,9.6821,7.3899
Kepler-963 c,0.6,0.14806,0.15575
Kepler-964 b,2.12,7.1546,5.1416
Kepler-965 b,3.154,12.68,10.093
Kepler-966 b,5.558,26.551,26.41
Kepler-967 b,2.35,8.2779,6.1241
Kepler-967 c,3.65,15.113,12.933
Kepler-968 b,2.0,6.5881,4.6573
Kepler-968 c,1.69,5.139,3.4991
Kepler-969 b,2.07,6.9169,4.9374
Kepler-969 c,0.99,0.99053,0.93746
Kepler-970 b,2.609,9.5986,7.3136
Kepler-971 b,1.937,6.2962,4.411
Kepler-972 b,4.405,22.543,17.796
Kepler-973 b,1.96,6.4023,4.5002
Kepler-974 b,1.635,4.8901,3.3079
Kepler-975 b,1.48,4.2112,2.7933
Kepler-976 b,3.96,18.208,14.853
Kepler-977 b,2.62,9.656,7.3661
Kepler-978 b,2.99,11.642,9.218
Kepler-979 b,2.681,9.9758,7.6596
Kepler-980 b,2.641,9.7657,7.4666
Kepler-981 b,2.217,7.6225,5.5473
Kepler-982 b,2.599,9.5466,7.2661
Kepler-983 b,2.36,8.3278,6.1684
Kepler-984 b,2.12,7.1546,5.1416
Kepler-985 b,2.98,11.587,9.1657
Kepler-986 b,2.285,7.9556,5.8393
Kepler-987 b,3.26,13.369,10.675
Kepler-988 b,2.373,8.3928,6.2262
Kepler-989 b,2.21,7.5884,5.5176
Kepler-990 b,2.6,9.5518,7.2708
Kepler-990 c,1.53,4.4265,2.9554
Kepler-991 b,2.54,9.2412,6.9883
Kepler-992 b,1.62,4.8229,3.2566
Kepler-993 b,2.97,11.532,9.1136
Kepler-994 b,1.413,3.822,2.582
Kepler-995 b,2.469,8.8776,6.6599
Kepler-996 b,2.302,8.0395,5.9132
Kepler-997 b,1.31,2.8677,2.2706
Kepler-998 b,2.303,8.0445,5.9176
Kepler-999 b,2.612,9.6142,7.3279
TOI-4336 A b,2.12,7.1546,5.1416
KIC 3558849 b,6.9,36.712,38.127
KIC 5437945 b,6.4,32.118,33.556
KIC 8540376 b,4.1,19.75,15.755
KIC 8540376 c,2.4,8.5284,6.347
KIC 9663113 b,9.935,165.64,70.8
Kepler-1000 b,4.76,23.45,20.299
Kepler-1001 b,2.935,11.34,8.932
Kepler-1002 b,1.71,5.2306,3.5696
Kepler-1003 b,2.035,6.7519,4.7965
Kepler-1004 b,6.668,34.488,35.977
Kepler-1005 b,1.998,6.5787,4.6494
Kepler-1006 b,3.616,15.013,12.729
Kepler-1007 b,1.44,4.0415,2.6663
Kepler-1008 b,1.28,2.6263,2.1831
Kepler-1009 b,2.381,8.4329,6.2619
Kepler-1010 b,2.228,7.6761,5.5941
Kepler-1011 b,2.87,10.986,8.5987
Kepler-1012 b,1.29,2.705,2.2121
Kepler-1013 b,2.15,7.2984,5.2657
Kepler-1014 b,2.39,8.4781,6.3021
Kepler-1015 b,2.871,10.991,8.6038
Kepler-1016 b,2.447,8.7658,6.5594
Kepler-1016 c,4.327,22.339,17.265
Kepler-1017 b,1.838,5.829,4.0351
Kepler-1018 b,2.58,9.4479,7.1761
Kepler-1019 b,1.46,4.1261,2.7295
Kepler-1020 b,2.28,7.931,5.8176
Kepler-1021 b,2.239,7.7298,5.6411
Kepler-1022 b,2.36,8.3278,6.1684
Kepler-1023 b,2.63,9.7082,7.4138
Kepler-1024 b,3.91,17.674,14.536
Kepler-1025 b,2.352,8.2879,6.133
Kepler-1026 b,2.21,7.5884,5.5176
Kepler-1027 b,0.89,0.66122,0.64003
Kepler-1028 b,1.263,2.4964,2.1341
Kepler-1029 b,1.26,2.4739,2.1255
Kepler-1030 b,2.48,8.9336,6.7103
Kepler-1031 b,0.87,0.60658,0.58996
Kepler-1032 b,1.87,5.982,4.1551
Kepler-1033 b,2.366,8.3578,6.1951
Kepler-1034 b,2.057,6.8555,4.8849
Kepler-1035 b,1.876,6.0108,4.1777
Kepler-1036 b,2.715,10.155,7.8252
Kepler-1037 b,1.28,2.6263,2.1831
Kepler-1038 b,3.53,14.76,12.22
Kepler-1039 b,1.46,4.1261,2.7295
Kepler-1040 b,2.344,8.248,6.0976
Kepler-1041 b,4.119,19.965,15.879
Kepler-1042 b,2.19,7.4914,5.4331
Kepler-1043 b,2.611,9.609,7.3231
Kepler-1044 b,2.134,7.2216,5.1994
Kepler-1045 b,2.69,10.023,7.7033
Kepler-1046 b,1.71,5.2306,3.5696
Kepler-1047 b,3.579,14.905,12.509
Kepler-1047 c,1.368,3.3802,2.4439
Kepler-1048 b,1.61,4.7783,3.2225
Kepler-1049 b,0.956,0.86749,0.82709
Kepler-1050 b,1.38,3.4941,2.4805
Kepler-1050 c,1.349,3.2054,2.3866
Kepler-1051 b,2.694,10.044,7.7227
Kepler-1052 b,2.693,10.039,7.7179
Kepler-1053 b,0.98,0.95309,0.90396
Kepler-1054 b,2.689,10.018,7.6984
Kepler-1055 b,1.23,2.2577,2.0403
Kepler-1056 b,2.979,11.581,9.1605
Kepler-1057 b,2.742,10.299,7.9578
Kepler-1058 b,2.72,10.182,7.8497
Kepler-1059 b,1.73,5.3226,3.6408
Kepler-1060 b,3.034,11.917,9.4495
Kepler-1061 b,1.692,5.1482,3.5061
Kepler-1062 b,1.76,5.4618,3.7487
Kepler-1063 b,1.49,4.2539,2.8254
Kepler-1064 b,1.55,4.5136,3.0213
Kepler-1065 b,3.64,15.084,12.873
Kepler-1065 c,1.6,4.7338,3.1886
Kepler-1066 b,2.36,8.3278,6.1684
Kepler-1067 b,0.734,0.3182,0.32079
Kepler-1068 b,3.47,14.583,11.869
Kepler-1069 b,2.696,10.055,7.7325
Kepler-1070 b,1.76,5.4618,3.7487
Kepler-1071 b,2.38,8.4279,6.2574
Kepler-1072 b,1.627,4.8542,3.2805
Kepler-1073 b,2.301,8.0346,5.9089
Kepler-1073 c,1.605,4.7561,3.2055
Kepler-1074 b,1.178,1.9163,1.7482
Kepler-1075 b,1.471,4.1728,2.7645
Kepler-1076 b,0.8,0.44118,0.43677
Kepler-1077 b,2.797,10.592,8.2307
Kepler-1078 b,3.867,17.223,14.265
Kepler-1079 b,2.036,6.7566,4.8005
Kepler-1080 b,5.963,28.532,29.759
Kepler-1081 b,0.957,0.87094,0.8302
Kepler-1082 b,1.302,2.8018,2.2471
Kepler-1083 b,3.36,14.031,11.237
Kepler-1084 b,1.3,2.7855,2.2413
Kepler-1085 b,6.228,30.634,32.039
Kepler-1086 b,2.44,8.7303,6.5276
Kepler-1086 c,2.94,11.367,8.9578
Kepler-1087 b,0.676,0.23281,0.23883
Kepler-1088 b,1.42,3.8944,2.6038
Kepler-1089 b,1.644,4.9305,3.3389
Kepler-1090 b,2.25,7.7836,5.6883
Kepler-1091 b,1.465,4.1473,2.7454
Kepler-1092 b,2.142,7.26,5.2325
Kepler-1093 b,1.95,6.3561,4.4613
Kepler-1093 c,1.96,6.4023,4.5002
Kepler-1094 b,3.059,12.075,9.5821
Kepler-1095 b,1.21,2.1215,1.9245
Kepler-1096 b,1.515,4.3615,2.9064
Kepler-1097 b,3.26,13.369,10.675
Kepler-1098 b,1.477,4.1984,2.7837
Kepler-1099 b,1.791,5.6068,3.8614
Kepler-1100 b,1.302,2.8018,2.2471
Kepler-1101 b,2.035,6.7519,4.7965
Kepler-1102 b,3.193,12.932,10.306
Kepler-1103 b,4.169,20.537,16.208
Kepler-1104 b,1.23,2.2577,2.0403
Kepler-1105 b,2.01,6.6347,4.6969
Kepler-1106 b,1.602,4.7427,3.1954
Kepler-1107 b,1.34,3.125,2.3596
Kepler-1108 b,1.434,4.0163,2.6475
Kepler-1109 b,1.901,6.1311,4.2727
Kepler-1110 b,2.66,9.8653,7.558
Kepler-1111 b,1.413,3.822,2.582
Kepler-1112 b,2.821,10.721,8.351
Kepler-1113 b,2.534,9.2103,6.9603
Kepler-1114 b,1.329,3.0288,2.3268
Kepler-1115 b,1.801,5.6538,3.8981
Kepler-1116 b,2.43,8.6797,6.4822
Kepler-1117 b,1.038,1.1855,1.1108
Kepler-1118 b,2.848,10.867,8.4871
Kepler-1119 b,1.92,6.2181,4.3454
Kepler-1120 b,1.38,3.4941,2.4805
Kepler-1121 b,1.679,5.0889,3.4605
Kepler-1122 b,2.657,9.8496,7.5435
Kepler-1123 b,1.67,5.048,3.429
Kepler-1124 b,1.971,6.4532,4.5432
Kepler-1125 b,1.84,5.8385,4.0425
Kepler-1126 b,1.684,5.1117,3.478
Kepler-1127 b,1.372,3.4179,2.4561
Kepler-1128 b,3.078,12.195,9.6833
Kepler-1129 b,3.325,13.798,11.039
Kepler-1129 c,2.438,8.7202,6.5185
Kepler-1130 b,0.848,0.55039,0.53821
Kepler-1130 c,0.644,0.19368,0.20073
Kepler-1130 d,0.639,0.18803,0.1952
Kepler-1131 b,1.464,4.143,2.7422
Kepler-1132 b,2.35,8.2779,6.1241
Kepler-1133 b,1.97,6.4486,4.5393
Kepler-1134 b,2.19,7.4914,5.4331
Kepler-1135 b,1.85,5.8862,4.0799
Kepler-1136 b,1.64,4.9126,3.3251
Kepler-1137 b,2.644,9.7814,7.481
Kepler-1138 b,1.7,5.1847,3.5343
Kepler-1139 b,1.042,1.203,1.1263
Kepler-1140 b,2.77,10.448,8.0963
Kepler-1141 b,0.82,0.48453,0.47719
Kepler-1142 b,2.633,9.7239,7.4282
Kepler-1143 b,1.67,5.048,3.429
Kepler-1143 c,3.6,14.966,12.634
Kepler-1144 b,1.99,6.5415,4.6178
Kepler-1145 b,1.4,3.6902,2.5418
Kepler-1146 b,1.23,2.2577,2.0403
Kepler-1147 b,2.303,8.0445,5.9176
Kepler-1148 b,1.69,5.139,3.4991
Kepler-1149 b,1.927,6.2502,4.3724
Kepler-1150 b,1.02,1.1094,1.0433
Kepler-1151 b,2.22,7.6371,5.5601
Kepler-1152 b,1.021,1.1135,1.047
Kepler-1153 b,1.73,5.3226,3.6408
Kepler-1154 b,2.246,7.764,5.6711
Kepler-1154 c,2.424,8.6494,6.4551
Kepler-1155 b,2.03,6.7284,4.7765
Kepler-1156 b,1.262,2.4889,2.1312
Kepler-1157 b,0.931,0.78449,0.75215
Kepler-1158 b,2.676,9.9495,7.6353
Kepler-1159 b,2.186,7.472,5.4163
Kepler-1160 b,1.61,4.7783,3.2225
Kepler-1161 b,2.859,10.926,8.5429
Kepler-1162 b,1.94,6.31,4.4226
Kepler-1163 b,1.061,1.2884,1.2016
Kepler-1164 b,1.12,1.5821,1.4588
Kepler-1165 b,2.291,7.9852,5.8653
Kepler-1166 b,1.557,4.5442,3.0445
Kepler-1167 b,1.71,5.2306,3.5696
Kepler-1168 b,2.5,9.0358,6.8025
Kepler-1169 b,0.94,0.81366,0.77854
Kepler-1170 b,2.41,8.5787,6.3919
Kepler-1171 b,2.395,8.5032,6.3245
Kepler-1172 b,3.2,12.977,10.344
Kepler-1173 b,0.879,0.63074,0.61213
Kepler-1174 b,2.614,9.6247,7.3374
Kepler-1175 b,2.99,11.642,9.218
Kepler-1176 b,2.068,6.9074,4.9293
Kepler-1177 b,1.9,6.1266,4.2689
Kepler-1178 b,1.07,1.3303,1.2386
Kepler-1179 b,1.32,2.9517,2.3001
Kepler-1180 b,2.516,9.1178,6.8765
Kepler-1181 b,1.59,4.6895,3.1548
Kepler-1182 b,2.357,8.3128,6.1551
Kepler-1183 b,2.82,10.716,8.3459
Kepler-1184 b,2.455,8.8064,6.5959
Kepler-1185 b,1.33,3.0374,2.3298
Kepler-1186 b,2.438,8.7202,6.5185
Kepler-1187 b,3.016,11.804,9.3545
Kepler-1188 b,2.855,10.905,8.5226
Kepler-1189 b,1.265,2.5114,2.1398
Kepler-1190 b,1.33,3.0374,2.3298
Kepler-1191 b,1.612,4.7872,3.2293
Kepler-1192 b,2.569,9.3909,7.1243
Kepler-1193 b,1.521,4.3875,2.9259
Kepler-1194 b,1.51,4.3399,2.8901
Kepler-1195 b,2.08,6.9642,4.978
Kepler-1196 b,2.667,9.9021,7.5918
Kepler-1197 b,1.25,2.4002,2.0969
Kepler-1198 b,1.439,4.0373,2.6632
Kepler-1199 b,1.15,1.7491,1.6038
Kepler-1200 b,1.06,1.2838,1.1976
Kepler-1201 b,1.912,6.1814,4.3147
Kepler-1202 b,2.856,10.91,8.5276
Kepler-1203 b,1.216,2.1617,1.9589
Kepler-1204 b,2.519,9.1332,6.8905
Kepler-1205 b,1.41,3.7913,2.5727
Kepler-1206 b,1.64,4.9126,3.3251
Kepler-1207 b,2.718,10.171,7.8399
Kepler-1208 b,2.32,8.1287,5.992
Kepler-1209 b,1.503,4.3098,2.8674
Kepler-1210 b,1.672,5.0571,3.436
Kepler-1211 b,3.16,12.719,10.125
Kepler-1212 b,2.086,6.9927,5.0024
Kepler-1213 b,1.19,1.9914,1.8129
Kepler-1214 b,2.36,8.3278,6.1684
Kepler-1215 b,1.121,1.5875,1.4635
Kepler-1216 b,1.455,4.1049,2.7136
Kepler-1217 b,1.851,5.891,4.0836
Kepler-1218 b,1.44,4.0415,2.6663
Kepler-1219 b,3.03,11.892,9.4284
Kepler-1220 b,1.502,4.3055,2.8641
Kepler-1221 b,1.88,6.03,4.1928
Kepler-1222 b,0.766,0.37414,0.37381
Kepler-1223 b,1.22,2.1888,1.9821
Kepler-1224 b,1.291,2.713,2.215
Kepler-1225 b,2.075,6.9406,4.9577
Kepler-1226 b,2.457,8.8166,6.605
Kepler-1227 b,2.29,7.9803,5.861
Kepler-1228 b,1.456,4.1091,2.7168
Kepler-1229 b,1.4,3.6902,2.5418
Kepler-1230 b,2.71,10.129,7.8008
Kepler-1231 b,1.529,4.4221,2.9521
Kepler-1232 b,1.462,4.1345,2.7359
Kepler-1233 b,2.26,7.8326,5.7312
Kepler-1234 b,1.959,6.3977,4.4963
Kepler-1235 b,0.807,0.45602,0.45062
Kepler-1236 b,2.14,7.2504,5.2242
Kepler-1237 b,2.518,9.1281,6.8858
Kepler-1238 b,2.248,7.7738,5.6797
Kepler-1239 b,2.9,11.149,8.7519
Kepler-1240 b,1.597,4.7205,3.1785
Kepler-1241 b,2.63,9.7082,7.4138
Kepler-1242 b,2.26,7.8326,5.7312
Kepler-1243 b,1.75,5.4153,3.7126
Kepler-1244 b,1.925,6.241,4.3647
Kepler-1245 b,1.44,4.0415,2.6663
Kepler-1245 c,1.44,4.0415,2.6663
Kepler-1246 b,1.36,3.3058,2.4197
Kepler-1247 b,2.33,8.1783,6.0359
Kepler-1248 b,1.18,1.9287,1.7589
Kepler-1249 b,2.672,9.9284,7.616
Kepler-1250 b,2.811,10.668,8.3008
Kepler-1251 b,1.84,5.8385,4.0425
Kepler-1252 b,1.606,4.7605,3.2089
Kepler-1253 b,1.788,5.5927,3.8505
Kepler-1254 b,1.55,4.5136,3.0213
Kepler-1254 c,1.186,1.9662,1.7912
Kepler-1254 d,1.224,2.2162,2.0055
Kepler-1255 b,2.628,9.6977,7.4043
Kepler-1256 b,1.598,4.725,3.1818
Kepler-1257 b,1.421,3.9048,2.6069
Kepler-1258 b,1.0,1.029,0.97185
Kepler-1259 b,1.43,3.9995,2.635
Kepler-1260 b,2.928,11.302,8.8958
Kepler-1261 b,2.26,7.8326,5.7312
Kepler-1262 b,1.545,4.4918,3.0047
Kepler-1263 b,1.075,1.3541,1.2594
Kepler-1264 b,1.35,3.2145,2.3896
Kepler-1265 b,1.35,3.2145,2.3896
Kepler-1266 b,2.319,8.1237,5.9876
Kepler-1267 b,2.899,11.143,8.7468
Kepler-1268 b,2.534,9.2103,6.9603
Kepler-1269 b,2.798,10.598,8.2357
Kepler-1270 b,2.872,10.997,8.6089
Kepler-1271 b,1.498,4.2883,2.8512
Kepler-1272 b,3.157,12.7,10.109
Kepler-1273 b,1.818,5.7341,3.9608
Kepler-1274 b,1.42,3.8944,2.6038
Kepler-1275 b,1.313,2.8927,2.2795
Kepler-1276 b,1.047,1.225,1.1458
Kepler-1277 b,1.408,3.7709,2.5665
Kepler-1278 b,1.257,2.4516,2.1169
Kepler-1279 b,2.363,8.3428,6.1817
Kepler-1280 b,2.913,11.22,8.8186
Kepler-1281 b,1.64,4.9126,3.3251
Kepler-1282 b,1.389,3.5814,2.508
Kepler-1283 b,3.406,14.34,11.5
Kepler-1284 b,1.21,2.1215,1.9245
Kepler-1285 b,1.108,1.5187,1.4036
Kepler-1286 b,2.459,8.8267,6.6141
Kepler-1287 b,1.427,3.9677,2.6256
Kepler-1288 b,1.12,1.5821,1.4588
Kepler-1289 b,1.54,4.47,2.9883
Kepler-1290 b,1.688,5.1299,3.492
Kepler-1291 b,1.66,5.0027,3.3942
Kepler-1292 b,1.779,5.5505,3.8176
Kepler-1293 b,1.294,2.737,2.2238
Kepler-1294 b,5.007,24.062,22.12
Kepler-1295 b,1.55,4.5136,3.0213
Kepler-1296 b,0.91,0.71942,0.6931
Kepler-1297 b,1.349,3.2054,2.3866
Kepler-1298 b,1.517,4.3701,2.9129
Kepler-1299 b,3.061,12.087,9.5927
Kepler-1300 b,1.751,5.4199,3.7162
Kepler-1301 b,1.4,3.6902,2.5418
Kepler-1302 b,1.43,3.9995,2.635
Kepler-1303 b,1.334,3.0722,2.3417
Kepler-1304 b,2.29,7.9803,5.861
Kepler-1305 b,1.88,6.03,4.1928
Kepler-1306 b,1.867,5.9676,4.1437
Kepler-1307 b,1.684,5.1117,3.478
Kepler-1308 b,0.886,0.65002,0.62978
Kepler-1309 b,2.37,8.3778,6.2129
Kepler-1310 b,1.353,3.2417,2.3986
Kepler-1311 b,1.535,4.4482,2.9718
Kepler-1311 c,1.398,3.6703,2.5356
Kepler-1312 b,2.1,7.0592,5.0595
Kepler-1313 b,1.76,5.4618,3.7487
Kepler-1314 b,5.11,24.362,22.898
Kepler-1315 b,1.38,3.4941,2.4805
Kepler-1316 b,3.495,14.657,12.015
Kepler-1317 b,1.56,4.5574,3.0544
Kepler-1318 b,3.11,12.398,9.8549
Kepler-1319 b,1.597,4.7205,3.1785
Kepler-1320 b,1.7,5.1847,3.5343
Kepler-1321 b,5.814,27.803,28.508
Kepler-1321 c,3.028,11.879,9.4178
Kepler-1322 b,1.61,4.7783,3.2225
Kepler-1323 b,1.289,2.6971,2.2092
Kepler-1324 b,1.51,4.3399,2.8901
Kepler-1325 b,3.053,12.037,9.5502
Kepler-1326 b,3.224,13.134,10.476
Kepler-1327 b,1.8,5.6491,3.8944
Kepler-1328 b,1.342,3.1428,2.3656
Kepler-1329 b,2.17,7.3947,5.3492
Kepler-1330 b,3.0,11.704,9.2704
Kepler-1331 b,1.05,1.2384,1.1576
Kepler-1332 b,1.37,3.399,2.45
Kepler-1333 b,2.81,10.662,8.2958
Kepler-1334 b,2.492,8.9949,6.7655
Kepler-1335 b,1.45,4.0837,2.6978
Kepler-1336 b,2.667,9.9021,7.5918
Kepler-1336 c,2.211,7.5933,5.5219
Kepler-1337 b,2.41,8.5787,6.3919
Kepler-1338 b,1.047,1.225,1.1458
Kepler-1339 b,0.962,0.88834,0.84585
Kepler-1340 b,1.054,1.2564,1.1734
Kepler-1341 b,2.787,10.539,8.1808
Kepler-1342 b,1.66,5.0027,3.3942
Kepler-1343 b,2.318,8.1188,5.9832
Kepler-1344 b,1.845,5.8624,4.0612
Kepler-1345 b,2.953,11.438,9.0252
Kepler-1346 b,1.327,3.0115,2.3209
Kepler-1347 b,1.03,1.1512,1.0805
Kepler-1348 b,2.193,7.5059,5.4458
Kepler-1349 b,0.697,0.26148,0.26651
Kepler-1350 b,2.29,7.9803,5.861
Kepler-1350 c,1.659,4.9982,3.3908
Kepler-1351 b,0.65,0.20061,0.20751
Kepler-1352 b,0.88,0.63347,0.61463
Kepler-1353 b,1.8,5.6491,3.8944
Kepler-1354 b,3.4,14.299,11.465
Kepler-1355 b,1.46,4.1261,2.7295
Kepler-1356 b,1.53,4.4265,2.9554
Kepler-1357 b,1.22,2.1888,1.9821
Kepler-1358 b,1.12,1.5821,1.4588
Kepler-1359 b,2.295,8.0049,5.8827
Kepler-1360 b,4.023,18.893,15.256
Kepler-1361 b,0.749,0.34359,0.34492
Kepler-1362 b,2.6,9.5518,7.2708
Kepler-1363 b,1.25,2.4002,2.0969
Kepler-1364 b,2.15,7.2984,5.2657
Kepler-1365 b,1.372,3.4179,2.4561
Kepler-1365 c,1.201,2.0622,1.8737
Kepler-1366 b,1.566,4.5837,3.0744
Kepler-1367 b,0.899,0.68696,0.66353
Kepler-1368 b,1.406,3.7506,2.5603
Kepler-1369 b,2.564,9.3651,7.1007
Kepler-1370 b,2.466,8.8623,6.6461
Kepler-1370 c,1.539,4.4656,2.985
Kepler-1371 b,0.73,0.31166,0.31457
Kepler-1371 c,0.64,0.18915,0.19629
Kepler-1372 b,1.266,2.5189,2.1427
Kepler-1373 b,1.718,5.2673,3.598
Kepler-1374 b,2.29,7.9803,5.861
Kepler-1375 b,2.119,7.1498,5.1375
Kepler-1376 b,1.075,1.3541,1.2594
Kepler-1377 b,1.25,2.4002,2.0969
Kepler-1378 b,2.2,7.5399,5.4753
Kepler-1379 b,1.3,2.7855,2.2413
Kepler-1380 b,2.732,10.246,7.9086
Kepler-1381 b,2.047,6.8083,4.8446
Kepler-1382 b,2.215,7.6127,5.5388
Kepler-1383 b,1.5,4.2969,2.8577
Kepler-1384 b,1.94,6.31,4.4226
Kepler-1385 b,1.067,1.3162,1.2262
Kepler-1386 b,1.313,2.8927,2.2795
Kepler-1387 b,0.93,0.78129,0.74926
Kepler-1388 b,2.59,9.4998,7.2234
Kepler-1388 c,2.26,7.8326,5.7312
Kepler-1388 d,2.86,10.932,8.5479
Kepler-1388 e,2.46,8.8318,6.6187
Kepler-1389 b,1.77,5.5084,3.7849
Kepler-1390 b,1.18,1.9287,1.7589
Kepler-1391 b,2.2,7.5399,5.4753
Kepler-1392 b,1.96,6.4023,4.5002
Kepler-1393 b,0.8,0.44118,0.43677
Kepler-1394 b,1.003,1.0408,0.98234
Kepler-1395 b,0.697,0.26148,0.26651
Kepler-1396 b,1.59,4.6895,3.1548
Kepler-1397 b,2.528,9.1794,6.9323
Kepler-1398 b,0.96,0.88135,0.83957
Kepler-1398 c,1.058,1.2746,1.1895
Kepler-1399 b,1.331,3.0461,2.3328
Kepler-1400 b,1.62,4.8229,3.2566
Kepler-1401 b,1.68,5.0935,3.464
Kepler-1402 b,1.626,4.8498,3.2771
Kepler-1403 b,2.256,7.813,5.714
Kepler-1404 b,2.01,6.6347,4.6969
Kepler-1405 b,3.342,13.911,11.135
Kepler-1406 b,1.1,1.4775,1.3676
Kepler-1407 b,2.25,7.7836,5.6883
Kepler-1408 b,1.188,1.9788,1.802
Kepler-1409 b,1.04,1.1942,1.1185
Kepler-1410 b,2.15,7.2984,5.2657
Kepler-1411 b,3.091,12.277,9.7529
Kepler-1412 b,1.005,1.0487,0.98938
Kepler-1413 b,1.82,5.7436,3.9682
Kepler-1414 b,1.23,2.2577,2.0403
Kepler-1415 b,1.29,2.705,2.2121
Kepler-1416 b,1.379,3.4845,2.4774
Kepler-1417 b,1.592,4.6984,3.1616
Kepler-1418 b,1.66,5.0027,3.3942
Kepler-1419 b,2.807,10.646,8.2807
Kepler-1420 b,1.28,2.6263,2.1831
Kepler-1421 b,1.067,1.3162,1.2262
Kepler-1422 b,2.255,7.8081,5.7097
Kepler-1423 b,1.06,1.2838,1.1976
Kepler-1424 b,1.16,1.8075,1.6544
Kepler-1425 b,1.555,4.5355,3.0378
Kepler-1426 b,1.56,4.5574,3.0544
Kepler-1427 b,1.1,1.4775,1.3676
Kepler-1428 b,3.198,12.964,10.333
Kepler-1429 b,1.307,2.8428,2.2618
Kepler-1430 b,1.18,1.9287,1.7589
Kepler-1431 b,1.803,5.6632,3.9055
Kepler-1432 b,2.683,9.9863,7.6693
Kepler-1433 b,4.157,20.399,16.129
Kepler-1434 b,1.438,4.0331,2.66
Kepler-1435 b,0.993,1.002,0.94768
Kepler-1436 b,3.721,15.739,13.363
Kepler-1437 b,1.37,3.399,2.45
Kepler-1438 b,0.94,0.81366,0.77854
Kepler-1439 b,1.46,4.1261,2.7295
Kepler-1440 b,1.991,6.5461,4.6218
Kepler-1441 b,2.014,6.6534,4.7128
Kepler-1442 b,3.93,17.887,14.662
Kepler-1443 b,1.111,1.5344,1.4173
Kepler-1444 b,2.18,7.443,5.3911
Kepler-1445 b,0.96,0.88135,0.83957
Kepler-1446 b,0.82,0.48453,0.47719
Kepler-1447 b,2.9,11.149,8.7519
Kepler-1448 b,1.524,4.4004,2.9357
Kepler-1449 b,1.68,5.0935,3.464
Kepler-1450 b,1.71,5.2306,3.5696
Kepler-1451 b,2.3,8.0296,5.9045
Kepler-1452 b,2.712,10.14,7.8106
Kepler-1453 b,2.285,7.9556,5.8393
Kepler-1454 b,1.615,4.8006,3.2395
Kepler-1455 b,1.909,6.1677,4.3032
Kepler-1456 b,1.14,1.6921,1.5544
Kepler-1457 b,2.292,7.9901,5.8697
Kepler-1458 b,2.796,10.587,8.2257
Kepler-1459 b,1.36,3.3058,2.4197
Kepler-1460 b,1.96,6.4023,4.5002
Kepler-1461 b,2.03,6.7284,4.7765
Kepler-1462 b,2.325,8.1535,6.0139
Kepler-1463 b,2.268,7.8719,5.7657
Kepler-1464 b,2.699,10.071,7.7471
Kepler-1464 c,1.546,4.4961,3.008
Kepler-1465 b,1.77,5.5084,3.7849
Kepler-1466 b,1.395,3.6405,2.5264
Kepler-1467 b,3.075,12.176,9.6673
Kepler-1468 b,2.794,10.576,8.2157
Kepler-1468 c,1.93,6.264,4.3839
Kepler-1469 b,2.8,10.608,8.2457
Kepler-1470 b,1.111,1.5344,1.4173
Kepler-1471 b,1.262,2.4889,2.1312
Kepler-1472 b,2.001,6.5927,4.6612
Kepler-1473 b,1.19,1.9914,1.8129
Kepler-1474 b,2.096,7.0402,5.0431
Kepler-1475 b,2.761,10.4,8.0517
Kepler-1476 b,1.284,2.6576,2.1947
Kepler-1477 b,1.18,1.9287,1.7589
Kepler-1478 b,2.262,7.8425,5.7399
Kepler-1479 b,2.161,7.3513,5.3115
Kepler-1480 b,1.67,5.048,3.429
Kepler-1481 b,1.23,2.2577,2.0403
Kepler-1482 b,1.311,2.876,2.2736
Kepler-1483 b,1.366,3.3615,2.4379
Kepler-1484 b,2.11,7.1069,5.1005
Kepler-1485 b,1.47,4.1685,2.7613
Kepler-1486 b,2.792,10.566,8.2057
Kepler-1487 b,2.079,6.9595,4.9739
Kepler-1488 b,2.844,10.845,8.4669
Kepler-1489 b,2.547,9.2773,7.021
Kepler-1489 c,0.51,0.079898,0.086989
Kepler-1490 b,3.023,11.848,9.3914
Kepler-1491 b,2.369,8.3728,6.2084
Kepler-1492 b,1.49,4.2539,2.8254
Kepler-1493 b,1.41,3.7913,2.5727
Kepler-1494 b,3.711,15.64,13.302
Kepler-1495 b,2.94,11.367,8.9578
Kepler-1496 b,2.07,6.9169,4.9374
Kepler-1497 b,1.66,5.0027,3.3942
Kepler-1498 b,1.33,3.0374,2.3298
Kepler-1499 b,1.187,1.9725,1.7966
Kepler-1500 b,1.2,2.0557,1.8681
Kepler-1501 b,1.148,1.7376,1.5938
Kepler-1502 b,3.368,14.085,11.283
Kepler-1503 b,2.27,7.8818,5.7744
Kepler-1504 b,2.13,7.2025,5.1828
Kepler-1505 b,0.93,0.78129,0.74926
Kepler-1506 b,2.357,8.3128,6.1551
Kepler-1507 b,0.772,0.38538,0.38441
Kepler-1508 b,2.405,8.5535,6.3694
Kepler-1509 b,2.664,9.8864,7.5773
Kepler-1510 b,3.53,14.76,12.22
Kepler-1511 b,2.61,9.6038,7.3184
Kepler-1512 b,1.18,1.9287,1.7589
Kepler-1514 c,1.1758,1.9029,1.7367
Kepler-1515 b,10.539,223.45,78.261
Kepler-1516 b,2.704,10.097,7.7715
Kepler-1517 b,10.383,207.43,76.305
Kepler-1518 b,3.289,13.56,10.837
Kepler-1519 b,11.422,308.44,
Kepler-1520 b,5.77,27.588,28.143
Kepler-1521 b,2.5,9.0358,6.8025
Kepler-1522 b,2.014,6.6534,4.7128
Kepler-1523 b,1.551,4.518,3.0246
Kepler-1524 b,2.792,10.566,8.2057
Kepler-1525 b,0.922,0.75609,0.72642
Kepler-1526 b,1.939,6.3054,4.4187
Kepler-1527 b,5.986,28.645,29.955
Kepler-1528 b,1.166,1.8433,1.6852
Kepler-1529 b,2.1,7.0592,5.0595
Kepler-1530 b,1.64,4.9126,3.3251
Kepler-1530 c,1.65,4.9576,3.3596
Kepler-1531 b,1.11,1.5292,1.4127
Kepler-1532 b,1.234,2.2857,2.0515
Kepler-1533 b,4.271,21.732,16.887
Kepler-1534 b,1.89,6.0782,4.2308
Kepler-1535 b,2.628,9.6977,7.4043
Kepler-1536 b,2.985,11.614,9.1919
Kepler-1537 b,1.18,1.9287,1.7589
Kepler-1538 b,2.339,8.2231,6.0755
Kepler-1539 b,2.7,10.076,7.752
Kepler-1540 b,2.49,8.9847,6.7563
Kepler-1541 b,1.16,1.8075,1.6544
Kepler-1542 b,0.926,0.76862,0.73778
Kepler-1542 c,0.776,0.39302,0.3916
Kepler-1542 d,1.007,1.0567,0.99645
Kepler-1542 e,0.941,0.81695,0.78152
Kepler-1543 b,2.446,8.7607,6.5549
Kepler-1544 b,1.78,5.5552,3.8213
Kepler-1545 b,2.825,10.743,8.3711
Kepler-1546 b,3.13,12.526,9.9627
Kepler-1547 b,1.191,1.9978,1.8184
Kepler-1548 b,1.901,6.1311,4.2727
Kepler-1549 b,2.308,8.0692,5.9394
Kepler-1550 b,3.005,11.735,9.2967
Kepler-1551 b,2.654,9.8339,7.5291
Kepler-1552 b,2.47,8.8827,6.6644
Kepler-1553 b,1.075,1.3541,1.2594
Kepler-1554 b,2.9,11.149,8.7519
Kepler-1555 b,2.251,7.7885,5.6925
Kepler-1556 b,1.643,4.926,3.3354
Kepler-1557 b,1.376,3.4558,2.4683
Kepler-1558 b,0.698,0.26291,0.26788
Kepler-1559 b,0.788,0.41659,0.41374
Kepler-1560 b,0.88,0.63347,0.61463
Kepler-1561 b,0.944,0.82688,0.79048
Kepler-1562 b,6.407,32.179,33.619
Kepler-1563 b,0.75,0.34533,0.34657
Kepler-1564 b,1.562,4.5661,3.0611
Kepler-1565 b,1.19,1.9914,1.8129
Kepler-1566 b,0.73,0.31166,0.31457
Kepler-1567 b,2.483,8.9489,6.7241
Kepler-1568 b,1.294,2.737,2.2238
Kepler-1569 b,1.634,4.8856,3.3045
Kepler-1570 b,2.134,7.2216,5.1994
Kepler-1571 b,1.372,3.4179,2.4561
Kepler-1572 b,1.363,3.3335,2.4288
Kepler-1573 b,1.33,3.0374,2.3298
Kepler-1574 b,1.465,4.1473,2.7454
Kepler-1575 b,1.328,3.0201,2.3239
Kepler-1576 b,0.895,0.67543,0.65301
Kepler-1577 b,1.13,1.6364,1.5061
Kepler-1578 b,1.045,1.2162,1.1379
Kepler-1579 b,0.84,0.53094,0.52023
Kepler-1580 b,2.629,9.703,7.4091
Kepler-1581 b,0.824,0.49356,0.48558
Kepler-1582 b,0.855,0.56783,0.55431
Kepler-1583 b,0.699,0.26434,0.26926
Kepler-1584 b,1.588,4.6807,3.1481
Kepler-1585 b,1.27,2.5493,2.1542
Kepler-1586 b,1.061,1.2884,1.2016
Kepler-1587 b,1.263,2.4964,2.1341
Kepler-1588 b,1.177,1.9101,1.7429
Kepler-1589 b,1.27,2.5493,2.1542
Kepler-1590 b,0.964,0.89537,0.85217
Kepler-1591 b,1.597,4.7205,3.1785
Kepler-1592 b,1.937,6.2962,4.411
Kepler-1593 b,2.583,9.4635,7.1903
Kepler-1594 b,0.959,0.87787,0.83644
Kepler-1595 b,1.23,2.2577,2.0403
Kepler-1596 b,3.378,14.152,11.34
Kepler-1597 b,1.065,1.3069,1.2179
Kepler-1598 b,0.799,0.4391,0.43481
Kepler-1599 b,2.414,8.5989,6.4099
Kepler-1600 b,3.13,12.526,9.9627
Kepler-1601 b,0.828,0.50272,0.49408
Kepler-1602 b,1.06,1.2838,1.1976
Kepler-1603 b,1.884,6.0493,4.208
Kepler-1604 b,1.41,3.7913,2.5727
Kepler-1605 b,1.08,1.3781,1.2806
Kepler-1606 b,2.018,6.6722,4.7287
Kepler-1607 b,1.918,6.2089,4.3377
Kepler-1608 b,1.73,5.3226,3.6408
Kepler-1609 b,2.653,9.8286,7.5243
Kepler-1610 b,1.185,1.9599,1.7858
Kepler-1611 b,0.81,0.46248,0.45665
Kepler-1612 b,0.94,0.81366,0.77854
Kepler-1613 b,2.903,11.165,8.7673
Kepler-1614 b,1.49,4.2539,2.8254
Kepler-1615 b,3.111,12.405,9.8603
Kepler-1616 b,1.337,3.0986,2.3507
Kepler-1617 b,1.244,2.3568,2.0798
Kepler-1618 b,1.409,3.7811,2.5696
Kepler-1619 b,1.115,1.5555,1.4356
Kepler-1620 b,1.61,4.7783,3.2225
Kepler-1621 b,2.456,8.8115,6.6004
Kepler-1622 b,1.381,3.5037,2.4835
Kepler-1623 b,1.219,2.182,1.9763
Kepler-1624 b,6.528,33.241,34.704
Kepler-1625 b,11.831,327.13,
Kepler-1626 b,1.599,4.7294,3.1852
Kepler-1627 b,3.76,16.128,13.602
Kepler-1628 b,6.43,32.38,33.824
Kepler-1629 b,0.669,0.2238,0.23008
Kepler-1630 b,2.19,7.4914,5.4331
Kepler-1631 b,1.35,3.2145,2.3896
Kepler-1632 b,2.829,10.764,8.3912
Kepler-1633 b,2.621,9.6612,7.3708
Kepler-1634 b,2.568,9.3857,7.1196
Kepler-1635 b,3.662,15.161,13.005
Kepler-1636 b,4.065,19.358,15.528
Kepler-1637 b,0.89,0.66122,0.64003
Kepler-1638 b,3.226,13.147,10.487
Kepler-1639 b,2.333,8.1932,6.0491
Kepler-1640 b,4.82,23.6,20.736
Kepler-1641 b,2.912,11.214,8.8135
Kepler-1641 c,2.673,9.9337,7.6208
Kepler-1642 b,2.77,10.448,8.0963
Kepler-1642 c,2.464,8.8521,6.637
Kepler-1643 b,2.32,8.1287,5.992
Kepler-1644 b,1.88,6.03,4.1928
Kepler-1645 b,1.78,5.5552,3.8213
Kepler-1646 b,1.836,5.8195,4.0276
Kepler-1649 b,1.017,1.097,1.0324
Kepler-1649 c,1.06,1.2838,1.1976
Kepler-1650 b,0.96,0.88135,0.83957
Kepler-1651 b,1.84,5.8385,4.0425
Kepler-1652 b,1.6,4.7338,3.1886
Kepler-1653 b,2.17,7.3947,5.3492
Kepler-1928 b,1.992,6.5508,4.6257
SPECULOOS-3 b,0.977,0.94207,0.89408
KIC 10525077 b,5.5,26.267,25.943
Kepler-410 A b,2.647,9.7971,7.4954
TIC 434398831 b,3.51,14.701,12.102
TIC 434398831 c,5.63,26.903,26.993
EPIC 201238110 b,1.87,5.982,4.1551
EPIC 201427007 b,1.5,4.2969,2.8577
EPIC 201497682 b,0.692,0.25443,0.25972
EPIC 201615463 c,1.22,2.1888,1.9821
EPIC 201754305 d,1.03,1.1512,1.0805
EPIC 201833600 c,1.0,1.029,0.97185
EPIC 201841433 b,1.04,1.1942,1.1185
EPIC 205950854 c,1.31,2.8677,2.2706
EPIC 206024342 b,1.7,5.1847,3.5343
EPIC 206024342 c,1.4,3.6902,2.5418
EPIC 206024342 d,2.6,9.5518,7.2708
EPIC 206032309 b,1.01,1.0687,1.0071
EPIC 206042996 b,1.62,4.8229,3.2566
EPIC 206042996 c,1.2,2.0557,1.8681
EPIC 206215704 b,1.0,1.029,0.97185
EPIC 206317286 b,0.96,0.88135,0.83957
EPIC 206317286 c,2.094,7.0307,5.035
EPIC 211822797 b,1.92,6.2181,4.3454
EPIC 212297394 b,1.323,2.9772,2.309
EPIC 212297394 c,2.27,7.8818,5.7744
EPIC 212424622 b,2.17,7.3947,5.3492
EPIC 212499991 b,1.6,4.7338,3.1886
EPIC 212587672 b,1.26,2.4739,2.1255
EPIC 212587672 c,2.32,8.1287,5.992
EPIC 212624936 b,1.2,2.0557,1.8681
EPIC 212624936 c,2.3,8.0296,5.9045
EPIC 212737443 b,2.586,9.479,7.2045
EPIC 212737443 c,2.69,10.023,7.7033
EPIC 220492298 b,0.99,0.99053,0.93746
EPIC 220554210 c,1.6,4.7338,3.1886
EPIC 228836835 b,1.1,1.4775,1.3676
EPIC 201170410.02,1.047,1.225,1.1458
EPIC 201757695.02,0.90819,0.714,0.68817
IRAS 04125+2902 b,10.738,245.33,80.789
